,Año,Trimestre,Provincia,Accesos por cada 100 hogares,Mbps (Media de bajada),HASTA 512 kbps,+ 512 Kbps - 1 Mbps,+ 1 Mbps - 6 Mbps,+ 6 Mbps - 10 Mbps,+ 10 Mbps - 20 Mbps,+ 20 Mbps - 30 Mbps,+ 30 Mbps,OTROS,ADSL,Cablemodem,Fibra óptica,Wireless,Otros
0,2022,1,Buenos Aires,76.08,63,31591,30056,313382,321756,290127,161183,3381049,26280.0,392045.0,2728865,1242121,125521,66872.0
1,2022,1,Capital Federal,111.8,88,527,5575,39918,77390,61053,43289,1188072,1717.0,102290.0,1217225,62308,5784,29934.0
2,2022,1,Catamarca,58.21,51,71,456,4386,7009,8773,3761,35715,2207.0,14181.0,15517,29118,1328,2234.0
3,2022,1,Chaco,44.06,46,461,1099,16888,21235,20898,13012,62946,7580.0,32391.0,64546,36662,8164,2356.0
4,2022,1,Chubut,88.05,13,113,1677,61369,31856,33080,13871,14055,15607.0,44133.0,66667,9184,30592,21052.0
5,2022,1,Córdoba,85.76,50,100,12782,165922,126009,73967,34892,577027,13104.0,195610.0,501799,235838,60843,9713.0
6,2022,1,Corrientes,47.64,38,67,4029,24563,25665,27077,10452,43631,7094.0,40462.0,79093,10875,6774,5374.0
7,2022,1,Entre Ríos,63.7,36,107,5745,50075,49620,42294,21578,81757,16750.0,67159.0,138986,23091,26098,12592.0
8,2022,1,Formosa,34.96,30,97,448,24113,6945,6613,716,15028,588.0,16397.0,15927,5146,16876,202.0
9,2022,1,Jujuy,58.06,28,58,1761,22141,16321,37923,576,35287,2442.0,21307.0,60616,25949,4662,3975.0
10,2022,1,La Pampa,91.66,15,301,2223,62812,9869,12044,5250,14400,2833.0,8003.0,58978,21739,19903,1109.0
11,2022,1,La Rioja,78.77,41,18,778,3576,4692,23624,5645,45970,0.0,9103.0,59228,9546,6395,31.0
12,2022,1,Mendoza,48.74,26,114,3355,51230,26407,74178,21566,95048,3287.0,49464.0,74145,123228,26969,1379.0
13,2022,1,Misiones,49.04,42,51,3873,35655,22261,26855,15854,58610,8349.0,39147.0,91752,25178,7807,7624.0
14,2022,1,Neuquén,74.17,43,137,1123,39856,15623,11163,2654,71238,7885.0,28443.0,73200,24193,23098,745.0
15,2022,1,Río Negro,67.04,31,116,1383,35565,18859,26926,14144,37729,22652.0,38662.0,45366,38037,16815,18494.0
16,2022,1,Salta,56.11,37,114,1725,35576,68246,6313,2214,76838,6489.0,44714.0,98667,40994,5950,7190.0
17,2022,1,San Juan,43.55,12,26,2269,32356,11914,25144,2088,11916,2465.0,34038.0,14449,11294,20723,7674.0
18,2022,1,San Luis,80.72,21,61,643,8287,3837,9802,68612,13,28589.0,7987.0,11296,31,71809,28721.0
19,2022,1,Santa Cruz,43.34,11,51,6898,12710,11502,12277,2628,2551,485.0,10537.0,23420,10766,3974,405.0
20,2022,1,Santa Fe,77.3,39,468,12435,143796,208361,84787,58018,344170,18444.0,213486.0,444609,146552,45261,20571.0
21,2022,1,Santiago Del Estero,47.17,14,178,1401,30220,61170,13542,849,8309,792.0,18118.0,87979,1093,6349,2922.0
22,2022,1,Tierra Del Fuego,98.29,11,24,894,12849,15640,18034,1767,982,2421.0,13031.0,38700,416,124,340.0
23,2022,1,Tucumán,57.39,47,39,2212,36028,46961,21014,5211,133846,273.0,92532.0,62396,86174,3995,487.0
24,2021,4,Buenos Aires,75.66,60,37821,11026,352950,331292,297296,196021,3259793,22958.0,426325.0,2706506,1176024,126887,73415.0
25,2021,4,Capital Federal,111.27,83,563,1695,47133,81899,66135,66755,1147939,0.0,111360.0,1205128,60005,5679,29947.0
26,2021,4,Catamarca,55.25,46,71,0,6038,7855,9804,3262,29827,2233.0,16385.0,13858,25100,1512,2235.0
27,2021,4,Chaco,44.05,42,461,112,18845,22678,21937,13692,58435,7585.0,35548.0,63145,34688,8005,2359.0
28,2021,4,Chubut,82.57,9,126,1294,63698,39568,31175,5780,2904,15763.0,46361.0,57412,9655,28041,18839.0
29,2021,4,Córdoba,84.51,46,100,2479,184548,130892,76246,41198,538700,12607.0,212011.0,487489,217214,61277,8779.0
30,2021,4,Corrientes,45.51,36,67,645,28830,26368,22922,10087,39911,7082.0,42523.0,71183,10138,6778,5290.0
31,2021,4,Entre Ríos,63.16,33,107,3024,56043,49636,38295,24068,77290,16583.0,70459.0,133387,23452,25022,12726.0
32,2021,4,Formosa,34.45,29,84,0,22908,6983,6811,1135,13775,1967.0,17211.0,15111,5151,16018,172.0
33,2021,4,Jujuy,56.92,27,58,175,22446,16793,38134,564,33421,2324.0,22330.0,60511,24156,2927,3991.0
34,2021,4,La Pampa,89.57,14,301,493,64840,9082,12259,4821,12184,3027.0,8175.0,58000,20192,19286,1354.0
35,2021,4,La Rioja,77.92,40,18,1,5018,5437,23559,5671,43424,0.0,10387.0,56651,9446,6613,31.0
36,2021,4,Mendoza,47.51,22,156,1463,66428,30308,75214,18621,75031,366.0,59842.0,71553,109667,24666,1859.0
37,2021,4,Misiones,49.06,39,51,5,41916,23554,26721,15954,54596,8335.0,41778.0,92068,22035,7649,7602.0
38,2021,4,Neuquén,73.3,40,140,940,42313,13264,10515,3310,69217,7767.0,29175.0,72761,23253,21531,746.0
39,2021,4,Río Negro,65.69,27,156,1174,38373,19878,31255,4130,36142,22645.0,42037.0,44495,32212,16558,18451.0
40,2021,4,Salta,56.81,34,114,20,40673,69324,6642,3535,72622,6475.0,46972.0,99808,39555,5882,7188.0
41,2021,4,San Juan,39.59,11,44,1442,28906,10955,23978,398,9800,4435.0,35868.0,13102,11072,11423,8493.0
42,2021,4,San Luis,80.3,21,62,264,8550,4276,9107,67363,9,29218.0,8472.0,11064,30,70560,28723.0
43,2021,4,Santa Cruz,43.05,9,52,297,20305,11641,13054,1770,876,491.0,10790.0,22902,10031,4346,417.0
44,2021,4,Santa Fe,77.09,36,467,581,169706,206856,85690,62349,322015,18777.0,233427.0,444373,128856,43556,16229.0
45,2021,4,Santiago Del Estero,47.05,14,178,909,31915,61524,12205,800,7537,793.0,19032.0,86563,1088,6256,2922.0
46,2021,4,Tierra Del Fuego,98.4,11,26,385,13505,16534,16562,1748,1017,2580.0,13317.0,38148,426,124,342.0
47,2021,4,Tucumán,55.93,45,39,97,37321,48736,21023,5326,125857,240.0,97830.0,59022,78790,2511,486.0
48,2021,3,Buenos Aires,71.68,56,37193,31149,1108940,248153,141383,192797,2482266,9728.0,585729.0,2595485,885613,120228,64554.0
49,2021,3,Capital Federal,111.27,78,295,603,156978,67013,39785,73502,1075229,0.0,142902.0,1192107,42966,6059,29371.0
50,2021,3,Catamarca,52.71,43,71,0,6755,8428,10517,1659,26618,2206.0,18413.0,11709,22331,1568,2233.0
51,2021,3,Chaco,42.96,39,301,112,22545,20986,23852,14412,49705,7958.0,38258.0,63659,27583,8018,2353.0
52,2021,3,Chubut,80.71,8,104,105,89168,26281,18538,5320,1643,14907.0,49269.0,55794,8946,23376,18681.0
53,2021,3,Córdoba,81.28,42,99,2452,204989,141285,65050,47198,476459,9256.0,229275.0,477223,167495,57617,15178.0
54,2021,3,Corrientes,44.9,32,67,645,29629,28478,24792,9687,35468,5053.0,44805.0,69403,7542,6766,5303.0
55,2021,3,Entre Ríos,62.18,30,107,3024,61354,59776,39114,16284,67961,12755.0,74443.0,128752,20485,23500,13195.0
56,2021,3,Formosa,33.96,27,381,0,22778,7142,6978,1192,12707,1617.0,18093.0,14111,4730,15690,171.0
57,2021,3,Jujuy,55.69,26,48,175,23884,16417,37755,561,29917,2401.0,23554.0,60758,19926,2952,3968.0
58,2021,3,La Pampa,84.28,13,298,313,65063,7395,8737,4023,10506,4152.0,9015.0,57881,17817,14479,1295.0
59,2021,3,La Rioja,77.26,39,18,1,5366,5979,23315,4868,42613,0.0,11329.0,54744,9444,6613,30.0
60,2021,3,Mendoza,45.55,13,36,31,151871,12640,62628,7596,21087,50.0,91474.0,71247,70579,21811,828.0
61,2021,3,Misiones,45.57,31,51,5,41932,25099,26079,14792,42291,8279.0,43230.0,89469,10969,7198,7662.0
62,2021,3,Neuquén,69.71,38,112,327,57441,8566,6234,3631,57919,5579.0,29650.0,73794,16455,19270,640.0
63,2021,3,Río Negro,61.97,25,125,557,68991,3730,14880,2282,34011,20009.0,47934.0,44519,18725,15031,18376.0
64,2021,3,Salta,55.96,31,101,20,41431,70104,6962,3878,67010,6327.0,49212.0,98318,36126,5724,6453.0
65,2021,3,San Juan,39.46,7,18,333,59873,752,13250,338,278,4641.0,40072.0,12922,6670,11372,8447.0
66,2021,3,San Luis,79.87,22,60,0,11552,2405,6491,67942,22,29392.0,8417.0,11884,27,68856,28680.0
67,2021,3,Santa Cruz,43.75,8,50,0,30561,8365,6799,1788,678,735.0,12347.0,22961,6328,4269,3071.0
68,2021,3,Santa Fe,75.02,33,467,579,193207,201250,83941,55080,290793,16267.0,245929.0,443156,93412,43447,15640.0
69,2021,3,Santiago Del Estero,47.0,13,123,909,32752,61838,11274,801,6863,898.0,19939.0,85535,909,6147,2928.0
70,2021,3,Tierra Del Fuego,94.95,10,17,0,23723,13397,9782,1433,976,895.0,12853.0,36958,6,16,390.0
71,2021,3,Tucumán,54.64,42,32,97,39446,50293,21986,5300,115154,164.0,104489.0,53868,70964,2408,743.0
72,2021,2,Buenos Aires,70.0,53,37192,31178,1096049,244001,140322,236897,2337604,9108.0,603255.0,2503830,854173,113546,57547.0
73,2021,2,Capital Federal,110.14,73,294,603,157558,73568,43859,86655,1037752,66.0,148989.0,1175097,41318,5580,29371.0
74,2021,2,Catamarca,52.34,42,71,0,7219,9091,6828,4941,25388,2206.0,20305.0,9426,22331,1449,2233.0
75,2021,2,Chaco,43.33,37,301,112,23444,21574,24032,16069,47239,7958.0,39826.0,62948,27584,8018,2353.0
76,2021,2,Chubut,72.29,8,104,105,89639,22605,16604,3896,1112,5172.0,49271.0,41497,6081,23682,18706.0
77,2021,2,Córdoba,80.12,40,99,2452,201757,136516,66950,70824,442357,9925.0,239780.0,467782,151855,55944,15519.0
78,2021,2,Corrientes,43.54,30,67,645,29419,27037,24524,10059,32697,5053.0,46648.0,67262,3731,6557,5303.0
79,2021,2,Entre Ríos,61.66,28,107,3024,63518,55349,39468,18484,61605,16077.0,77836.0,124957,17856,23786,13197.0
80,2021,2,Formosa,33.23,24,381,0,22364,7310,7460,1341,11077,1618.0,19571.0,12509,3610,15690,171.0
81,2021,2,Jujuy,56.18,26,48,175,24182,16577,37908,607,29950,2401.0,24738.0,60800,19611,2731,3968.0
82,2021,2,La Pampa,82.08,12,298,554,64146,7769,8128,3399,9311,4062.0,9017.0,57014,17132,13209,1295.0
83,2021,2,La Rioja,76.98,39,18,1,5312,5971,23298,4825,42158,19.0,11627.0,54255,9445,6245,30.0
84,2021,2,Mendoza,40.97,13,36,31,137462,10886,56117,4403,20686,50.0,91503.0,70834,44696,21811,827.0
85,2021,2,Misiones,45.01,29,51,5,41643,25907,25811,16172,38308,8279.0,44960.0,87861,10376,5317,7662.0
86,2021,2,Neuquén,69.14,36,112,327,57713,8631,5871,5943,54008,5645.0,30083.0,72690,15619,19218,640.0
87,2021,2,Río Negro,61.94,24,125,557,69356,3663,15019,3867,31488,20009.0,48189.0,43761,18727,15031,18376.0
88,2021,2,Salta,54.93,29,101,20,42543,67012,7099,9654,58882,6328.0,51396.0,96016,32050,5724,6453.0
89,2021,2,San Juan,39.28,7,18,333,59989,784,12550,340,278,4641.0,40072.0,12369,6673,11372,8447.0
90,2021,2,San Luis,83.48,22,60,0,11752,2703,5418,65946,22,36917.0,8417.0,11308,28,66860,36205.0
91,2021,2,Santa Cruz,44.01,8,50,0,30595,8463,6888,1575,676,735.0,12347.0,22967,6328,4269,3071.0
92,2021,2,Santa Fe,75.07,31,467,896,202018,204077,80452,75195,262124,15371.0,256741.0,431915,90424,43997,17523.0
93,2021,2,Santiago Del Estero,46.56,13,123,909,32034,62224,10359,811,6064,1566.0,20734.0,83770,909,5081,3596.0
94,2021,2,Tierra Del Fuego,67.89,9,17,0,21335,6913,4580,476,889,1483.0,12853.0,22504,6,14,316.0
95,2021,2,Tucumán,54.93,40,32,97,40224,51648,23732,5022,109616,2680.0,110429.0,48359,71683,1837,743.0
96,2021,1,Buenos Aires,69.11,51,36939,31187,1108368,240520,163747,222061,2246313,10867.0,629679.0,2452056,821597,98806,57864.0
97,2021,1,Capital Federal,108.42,68,135,244,159662,76753,56457,83255,1003041,126.0,159805.0,1145093,39980,5559,29236.0
98,2021,1,Catamarca,48.9,40,71,0,7423,8455,10115,712,22996,2196.0,26316.0,4409,18688,322,2233.0
99,2021,1,Chaco,43.14,34,301,112,24357,22102,27556,14496,42462,8384.0,43214.0,61251,25426,8004,1875.0
100,2021,1,Chubut,68.99,8,106,109,86986,21401,15392,2844,1112,4390.0,45501.0,40960,3444,23723,18712.0
101,2021,1,Córdoba,78.59,36,93,2386,211799,135092,74659,71984,402191,12677.0,260350.0,444695,134634,54137,17065.0
102,2021,1,Corrientes,42.66,26,67,527,31544,26223,26169,9001,27641,5453.0,49160.0,62876,3337,5949,5303.0
103,2021,1,Entre Ríos,60.44,24,105,2911,67255,56060,42432,15774,54600,12826.0,83688.0,118424,16846,20836,12169.0
104,2021,1,Formosa,32.73,21,56,0,22409,7569,7916,1215,9579,1942.0,20663.0,11412,2562,15669,380.0
105,2021,1,Jujuy,55.63,27,49,175,23735,17293,40649,568,25609,2378.0,32254.0,54324,17322,2677,3879.0
106,2021,1,La Pampa,81.78,11,298,554,68200,7864,7611,2786,7368,2424.0,8946.0,58711,15779,12369,1300.0
107,2021,1,La Rioja,49.81,13,18,1,36749,5968,4604,215,5074,-1.0,17363.0,34984,1,250,30.0
108,2021,1,Mendoza,39.15,13,28,40,134386,11216,52533,4061,16615,44.0,91844.0,69295,38619,18332,833.0
109,2021,1,Misiones,43.17,25,51,524,40949,25503,27101,14050,32953,8256.0,48292.0,82339,7064,4796,6896.0
110,2021,1,Neuquén,66.84,34,116,327,56171,8443,5903,5677,50840,5758.0,30223.0,70457,14171,17752,632.0
111,2021,1,Río Negro,60.88,22,125,466,70011,4187,13045,3642,29589,20103.0,48777.0,42192,17828,13994,18377.0
112,2021,1,Salta,53.93,27,109,20,40785,68149,9164,8139,54889,6319.0,54768.0,89187,31498,5669,6452.0
113,2021,1,San Juan,39.06,7,25,194,60439,858,11494,340,276,4641.0,40072.0,11589,6671,11482,8453.0
114,2021,1,San Luis,81.24,22,58,0,11889,2926,4429,62913,22,36917.0,8417.0,10678,28,63826,36205.0
115,2021,1,Santa Cruz,41.65,8,50,0,30655,8334,6987,1337,647,-1945.0,12347.0,23089,5975,4264,390.0
116,2021,1,Santa Fe,73.92,28,518,891,201632,204458,91846,65476,236924,24382.0,277012.0,421480,70976,39140,17519.0
117,2021,1,Santiago Del Estero,45.67,12,123,909,33884,58464,8549,700,4868,4144.0,26468.0,75849,570,5158,3596.0
118,2021,1,Tierra Del Fuego,77.35,9,17,0,21379,1468,4317,486,919,11836.0,12853.0,27247,6,0,316.0
119,2021,1,Tucumán,54.82,38,29,97,42810,53416,25255,4188,103437,2680.0,147199.0,12185,69954,1834,740.0
120,2020,4,Buenos Aires,68.98,50,36939,31197,1109865,242243,214171,213588,2176242,9016.0,635651.0,2441248,804991,93444,57927.0
121,2020,4,Capital Federal,108.31,67,135,244,160210,78123,60208,80269,1000073,268.0,163060.0,1142528,39890,4815,29237.0
122,2020,4,Catamarca,49.41,38,71,0,8843,8740,11436,591,20406,2309.0,26870.0,5115,17856,322,2233.0
123,2020,4,Chaco,43.03,32,301,112,24782,22479,26802,15701,40949,7965.0,44332.0,61200,23687,7997,1875.0
124,2020,4,Chubut,68.35,7,106,109,88157,21824,12046,2818,1112,4402.0,45703.0,39756,3040,23363,18712.0
125,2020,4,Córdoba,78.08,35,119,2386,214963,135262,82221,70013,384169,13568.0,267396.0,439322,125620,52827,17536.0
126,2020,4,Corrientes,42.43,25,67,527,31900,26321,25687,9383,26789,4985.0,50102.0,61495,3146,5626,5290.0
127,2020,4,Entre Ríos,59.47,24,105,2911,65659,53556,40755,16600,53141,14654.0,85683.0,113670,15653,20206,12169.0
128,2020,4,Formosa,32.49,20,56,0,23540,7606,7181,1197,8946,1680.0,21264.0,10789,2432,15341,380.0
129,2020,4,Jujuy,53.46,25,49,182,23772,14379,44930,446,19282,2811.0,32850.0,52815,15639,1077,3470.0
130,2020,4,La Pampa,81.77,10,298,554,70184,8124,6562,2396,6257,2520.0,9009.0,58945,15432,12194,1315.0
131,2020,4,La Rioja,50.11,13,18,1,36906,6060,4633,181,4979,0.0,17513.0,34984,1,250,30.0
132,2020,4,Mendoza,38.63,11,28,40,146312,11172,40396,3378,11557,2570.0,91842.0,68364,36083,18331,833.0
133,2020,4,Misiones,42.64,25,51,524,39988,26078,26445,14810,32264,7001.0,49462.0,79855,6589,4359,6896.0
134,2020,4,Neuquén,67.0,34,116,327,56434,8478,5791,5493,50776,5720.0,30468.0,70614,13732,17689,632.0
135,2020,4,Río Negro,61.09,22,125,466,70305,4153,13131,3512,29372,20146.0,48991.0,42022,17826,13994,18377.0
136,2020,4,Salta,54.04,25,109,514,41443,68829,15188,8291,46697,6319.0,56659.0,87817,30604,5858,6452.0
137,2020,4,San Juan,36.32,6,25,194,61316,740,5126,332,275,4588.0,40072.0,7004,6599,10468,8453.0
138,2020,4,San Luis,81.68,21,58,0,14020,3490,2688,62239,22,36918.0,8417.0,11767,27,63019,36205.0
139,2020,4,Santa Cruz,37.0,7,47,0,27173,4382,6634,1033,647,758.0,12347.0,19657,1041,4659,2970.0
140,2020,4,Santa Fe,73.58,27,518,891,206372,203793,94246,65145,226246,23602.0,287271.0,414746,62692,38712,17392.0
141,2020,4,Santiago Del Estero,43.75,11,123,909,34518,57590,4666,411,4520,3932.0,26812.0,70522,570,5169,3596.0
142,2020,4,Tierra Del Fuego,76.27,8,17,0,21881,6119,3497,488,922,6690.0,12853.0,26439,6,0,316.0
143,2020,4,Tucumán,54.78,36,29,97,44095,54334,32155,4105,93594,2680.0,149322.0,11150,68043,1834,740.0
144,2020,3,Buenos Aires,67.66,48,37542,31514,1113823,234710,219772,194248,2085815,19853.0,653930.0,2384557,749087,94162,55541.0
145,2020,3,Capital Federal,107.68,64,264,312,162222,85083,68753,78028,977766,247.0,170375.0,1129573,39417,3936,29374.0
146,2020,3,Catamarca,47.16,37,63,0,8276,8768,11195,562,18886,2154.0,26868.0,3690,16857,261,2228.0
147,2020,3,Chaco,41.54,31,308,112,24675,21639,27546,13751,38729,7194.0,45745.0,58825,20675,6706,2003.0
148,2020,3,Chubut,68.34,7,158,109,87559,22114,12217,2818,1110,3942.0,45761.0,39386,2897,23216,18767.0
149,2020,3,Córdoba,75.22,34,168,3064,218599,124833,84236,63823,361021,11728.0,276360.0,430771,102217,48368,9756.0
150,2020,3,Corrientes,41.75,24,72,527,35190,23315,25308,8615,25344,5020.0,50858.0,58681,2960,5513,5379.0
151,2020,3,Entre Ríos,58.19,22,130,2911,66648,51478,40797,14377,49395,15759.0,87892.0,106950,13954,20379,12320.0
152,2020,3,Formosa,31.91,18,391,151,23163,7432,7125,991,8219,1737.0,21790.0,10003,2000,15023,393.0
153,2020,3,Jujuy,54.04,22,55,182,32131,10566,45198,293,15238,3065.0,32611.0,57682,11112,952,4371.0
154,2020,3,La Pampa,79.26,11,293,810,66695,7820,5577,2189,6322,4029.0,9015.0,56845,14677,11893,1305.0
155,2020,3,La Rioja,50.12,12,21,1,37105,5955,4660,124,4748,2.0,17346.0,34984,1,250,35.0
156,2020,3,Mendoza,37.35,10,58,40,141404,12123,42433,3448,8237,45.0,91908.0,64672,32817,17523,868.0
157,2020,3,Misiones,41.6,24,71,524,39005,24215,25942,13663,30987,8779.0,50195.0,77989,2572,3445,8985.0
158,2020,3,Neuquén,65.24,31,218,327,60463,6561,5975,5449,49439,803.0,30222.0,70446,11043,16787,737.0
159,2020,3,Río Negro,57.05,21,114,466,68986,3769,7096,3455,28488,19093.0,49530.0,40001,10381,13187,18368.0
160,2020,3,Salta,52.32,25,129,514,32780,64736,15990,7928,43773,14996.0,58216.0,84128,25445,5764,7293.0
161,2020,3,San Juan,38.79,6,48,194,65526,711,6529,41,128,4150.0,40092.0,9223,5509,14023,8480.0
162,2020,3,San Luis,79.96,21,105,0,12199,3351,2666,61319,8,36917.0,8401.0,10077,6,61828,36253.0
163,2020,3,Santa Cruz,35.95,7,66,0,26888,4015,6730,629,120,833.0,12845.0,16098,1027,6938,2373.0
164,2020,3,Santa Fe,72.12,26,568,1241,213353,199381,92095,58797,210562,27001.0,295051.0,405807,45721,37112,19307.0
165,2020,3,Santiago Del Estero,43.38,11,133,909,33287,57418,4658,292,3994,4801.0,26419.0,70720,555,4185,3613.0
166,2020,3,Tierra Del Fuego,76.81,9,11,0,22094,5414,3726,481,937,6992.0,12854.0,26491,0,0,310.0
167,2020,3,Tucumán,53.23,35,52,97,45913,54610,33126,3246,84195,2637.0,149605.0,11752,59949,1808,762.0
168,2020,2,Buenos Aires,65.22,46,37542,31606,1129236,241336,233132,188995,1894466,21233.0,661272.0,2244277,723072,91736,57189.0
169,2020,2,Capital Federal,106.41,60,264,312,166474,94585,79858,80160,935481,687.0,178896.0,1106133,39482,3937,29373.0
170,2020,2,Catamarca,45.43,35,63,0,8801,8690,10242,426,16578,3176.0,26968.0,3641,14878,261,2228.0
171,2020,2,Chaco,39.83,28,308,928,24350,21140,29044,12082,33311,6969.0,46816.0,56017,17266,6452,1581.0
172,2020,2,Chubut,57.34,8,158,109,69578,22188,10537,1473,614,3999.0,45761.0,38279,1324,17678,5614.0
173,2020,2,Córdoba,72.71,31,168,4383,219025,125932,89530,63216,325243,8971.0,282858.0,415007,85818,44522,8263.0
174,2020,2,Corrientes,40.3,22,72,527,34242,22845,25844,7898,22418,5020.0,51248.0,55536,3144,3927,5011.0
175,2020,2,Entre Ríos,56.54,20,130,3679,66758,50640,42090,12856,43391,14569.0,89391.0,99423,13954,20042,11303.0
176,2020,2,Formosa,31.14,17,391,151,23534,7109,6998,961,7475,1313.0,21805.0,9353,1882,14723,169.0
177,2020,2,Jujuy,47.89,16,55,182,30548,10519,26829,209,9417,16557.0,32705.0,38938,5057,952,16664.0
178,2020,2,La Pampa,76.1,8,293,810,71218,7531,3800,1657,3377,1123.0,8551.0,54422,14232,11314,1290.0
179,2020,2,La Rioja,49.84,12,21,1,37375,5661,4686,73,4336,2.0,16885.0,34984,1,250,35.0
180,2020,2,Mendoza,36.25,9,58,40,142253,12439,35274,3248,5422,2450.0,91904.0,62941,29613,15924,802.0
181,2020,2,Misiones,40.89,23,71,524,39867,23719,26445,12305,28763,8646.0,50792.0,74497,2579,3319,9153.0
182,2020,2,Neuquén,63.9,29,218,327,61171,6103,6625,5296,46432,0.0,30256.0,67990,11037,15755,1134.0
183,2020,2,Río Negro,56.37,20,114,466,70817,3335,7498,3246,26953,17057.0,49756.0,39650,10382,11331,18367.0
184,2020,2,Salta,51.58,23,129,514,41801,64463,16989,7741,39594,6531.0,59502.0,81740,24289,5123,7108.0
185,2020,2,San Juan,35.09,6,48,194,59113,917,4908,40,127,4430.0,40092.0,8275,5509,7019,8882.0
186,2020,2,San Luis,78.41,21,105,0,11439,3585,1934,60889,8,35992.0,8401.0,8357,6,60935,36253.0
187,2020,2,Santa Cruz,35.79,7,66,0,26938,4166,6541,546,119,493.0,12845.0,16044,1027,6585,2368.0
188,2020,2,Santa Fe,70.0,24,568,2061,213054,198772,96575,57236,189473,20193.0,299974.0,381679,46698,30487,19094.0
189,2020,2,Santiago Del Estero,43.47,10,133,1779,32557,57709,5178,247,3328,4516.0,25917.0,72074,355,3038,4063.0
190,2020,2,Tierra Del Fuego,76.37,8,11,0,22325,5186,3034,391,796,7446.0,12854.0,26025,0,0,310.0
191,2020,2,Tucumán,51.78,33,52,97,49028,54537,34184,2246,74377,2635.0,150084.0,9833,55120,1357,762.0
192,2020,1,Buenos Aires,64.33,45,38215,36802,1122034,236421,247977,205780,1802583,28935.0,673237.0,2210349,720688,85443,18334.0
193,2020,1,Capital Federal,105.98,59,264,312,169651,102254,89665,85899,906009,0.0,184494.0,1097635,38898,3911,28556.0
194,2020,1,Catamarca,37.62,29,63,0,8838,7543,9558,408,10299,2151.0,21945.0,3146,12056,261,2227.0
195,2020,1,Chaco,37.48,26,308,928,23291,19976,29851,10416,28539,6917.0,46356.0,54144,11958,6239,1580.0
196,2020,1,Chubut,51.27,7,158,109,69586,12957,7756,1240,614,4500.0,45763.0,27287,1324,16885,5479.0
197,2020,1,Córdoba,70.69,29,142,5128,217229,120188,95827,65733,296875,9802.0,286168.0,406109,68512,41617,8693.0
198,2020,1,Corrientes,38.73,21,72,527,33479,21382,26679,7351,19467,4780.0,51126.0,53231,2172,2437,5004.0
199,2020,1,Entre Ríos,56.12,19,130,4081,72280,47132,41125,11988,39794,13762.0,90368.0,95434,13245,18737,14062.0
200,2020,1,Formosa,30.23,16,1127,342,23761,6500,6564,964,6918,100.0,21068.0,8887,1800,14510,169.0
201,2020,1,Jujuy,46.67,14,55,182,33120,9979,26693,166,7349,16545.0,32066.0,38938,3078,942,16641.0
202,2020,1,La Pampa,75.77,7,293,811,72740,7199,3029,1342,2113,1618.0,8553.0,53755,13821,11295,1802.0
203,2020,1,La Rioja,46.35,8,21,1,37209,5158,4640,22,1294,0.0,13076.0,34984,0,251,29.0
204,2020,1,Mendoza,33.14,8,58,40,140410,12285,17489,2860,3818,0.0,91955.0,50251,28059,12465,722.0
205,2020,1,Misiones,39.02,22,71,524,36622,21271,26433,11581,26313,10885.0,51458.0,69452,1220,460,10962.0
206,2020,1,Neuquén,61.85,28,218,327,60152,5257,7123,5399,43738,0.0,29305.0,65951,11031,14711,729.0
207,2020,1,Río Negro,55.12,19,114,466,69154,2930,7857,3199,25488,17719.0,47756.0,38479,10381,11222,18362.0
208,2020,1,Salta,49.6,21,129,514,38537,63714,17991,8625,34744,6441.0,60426.0,75593,23025,4125,7212.0
209,2020,1,San Juan,32.39,6,48,194,59787,1594,1292,40,127,4779.0,40092.0,6448,5508,7082,5101.0
210,2020,1,San Luis,76.31,21,105,0,11322,4164,525,58258,5,36075.0,8301.0,7612,5,58301,36333.0
211,2020,1,Santa Cruz,35.97,6,67,11,27447,4993,5169,529,119,0.0,12845.0,15766,1026,6817,2368.0
212,2020,1,Santa Fe,69.52,22,696,2994,217553,196826,104560,48448,173823,17656.0,302366.0,383673,35123,30488,19468.0
213,2020,1,Santiago Del Estero,42.47,10,133,1779,33086,56884,3737,135,2799,4501.0,24695.0,70424,200,2779,4657.0
214,2020,1,Tierra Del Fuego,76.07,7,11,1,22976,5024,1834,196,518,7046.0,12854.0,25632,0,0,308.0
215,2020,1,Tucumán,47.85,32,52,97,49555,50383,31096,1730,67536,0.0,143184.0,10494,44687,1355,347.0
216,2019,4,Buenos Aires,64.25,31,33489,27537,1177446,262297,247106,452570,1465133,28131.0,720011.0,2191672,669194,87111,18266.0
217,2019,4,Capital Federal,106.25,44,307,15,177098,110218,110852,205810,754299,0.0,196938.0,1093143,35534,3914,28576.0
218,2019,4,Catamarca,36.44,25,63,0,9945,7619,9305,804,7477,2151.0,22999.0,3318,9506,261,2227.0
219,2019,4,Chaco,36.84,23,83,0,25899,18959,30902,13516,21556,6917.0,48661.0,53602,8831,5229,1580.0
220,2019,4,Chubut,51.15,7,158,4,69405,12945,7615,1240,614,4500.0,47045.0,26977,1324,15267,5489.0
221,2019,4,Córdoba,70.48,26,142,0,232781,118232,109330,114111,221742,9802.0,296872.0,410038,53335,37750,8693.0
222,2019,4,Corrientes,38.77,19,72,0,35055,20620,27367,9981,15744,4780.0,52525.0,51845,2002,2458,5004.0
223,2019,4,Entre Ríos,57.99,17,47,0,88203,44511,42962,18976,30153,15107.0,92981.0,99206,12875,18561,15407.0
224,2019,4,Formosa,30.47,15,1127,191,24606,6319,6788,1766,5671,100.0,21567.0,8684,1760,14531,169.0
225,2019,4,Jujuy,45.38,13,55,0,32920,9632,26764,102,5286,16545.0,32949.0,37604,873,814,16641.0
226,2019,4,La Pampa,76.92,7,293,313,76747,6900,1951,1287,1342,1618.0,15457.0,56854,4942,11341,1805.0
227,2019,4,La Rioja,47.14,8,21,0,37851,5045,4763,22,1305,0.0,13738.0,34984,0,251,29.0
228,2019,4,Mendoza,33.65,8,746,9,145139,12955,15237,2165,2628,0.0,96678.0,49711,24989,13672,730.0
229,2019,4,Misiones,39.79,20,71,0,39664,20840,27305,15626,20799,11656.0,53116.0,69676,847,441,11733.0
230,2019,4,Neuquén,59.36,26,218,1,57742,4439,7357,12059,35001,122.0,29826.0,60970,10549,14246,854.0
231,2019,4,Río Negro,55.71,17,114,0,71847,2797,8558,6968,19837,17719.0,49747.0,37933,9658,11437,18365.0
232,2019,4,Salta,50.35,19,149,1,42159,67656,15369,14170,25821,7435.0,63272.0,76062,21865,3040,8206.0
233,2019,4,San Juan,32.85,6,48,1,60626,1594,1292,40,127,4779.0,41360.0,6338,4931,7241,5104.0
234,2019,4,San Luis,74.92,21,105,0,11901,4164,525,55216,3,36075.0,8569.0,8027,6,55266,36333.0
235,2019,4,Santa Cruz,36.71,5,67,0,32368,4346,2224,7,8,0.0,13264.0,15899,1036,6800,2371.0
236,2019,4,Santa Fe,69.48,21,698,0,230234,190664,113527,70998,135576,18576.0,312072.0,382254,27464,26978,20401.0
237,2019,4,Santiago Del Estero,42.92,10,133,908,34911,56309,3756,105,2449,4501.0,24682.0,71239,200,2810,4657.0
238,2019,4,Tierra Del Fuego,79.7,7,11,0,23593,5050,1848,139,1962,9648.0,13261.0,26821,0,0,310.0
239,2019,4,Tucumán,47.65,30,55,0,54544,52017,28916,6405,56720,0.0,146985.0,11012,39574,725,348.0
240,2019,3,Buenos Aires,69.36,26,238920,44648,1432722,222812,260506,483572,1246209,42294.0,1277249.0,2144956,425386,85572,27070.0
241,2019,3,Capital Federal,112.65,39,104,368,269704,120924,138011,258591,655108,0.0,300288.0,1080973,24900,3895,31155.0
242,2019,3,Catamarca,30.88,9,34,43,14449,9285,6333,72,15,2151.0,24349.0,5543,13,244,2251.0
243,2019,3,Chaco,35.85,20,69,1216,32764,28198,13336,12987,16740,6917.0,50416.0,49156,8063,5224,1592.0
244,2019,3,Chubut,47.57,7,74,840,62680,13033,7171,1240,614,4500.0,37298.0,27090,1917,15149,7551.0
245,2019,3,Córdoba,68.59,23,83,5824,240151,106651,118486,146247,157546,7353.0,307780.0,399231,30064,37277,8701.0
246,2019,3,Corrientes,38.49,17,10,597,42231,29628,10348,10388,12674,4780.0,53344.0,50230,1888,2458,4839.0
247,2019,3,Entre Ríos,57.9,15,19,4446,99656,56161,17064,21216,22645,15107.0,94947.0,96305,12888,18530,15432.0
248,2019,3,Formosa,30.11,13,1110,349,24943,6049,7117,2262,4443,100.0,21777.0,8359,1476,14292,162.0
249,2019,3,Jujuy,44.32,12,27,885,31722,9240,26835,56,3671,16545.0,33110.0,35742,274,812,16638.0
250,2019,3,La Pampa,77.45,6,237,3289,75849,5922,1611,1359,941,1618.0,19469.0,52941,4994,11462,1962.0
251,2019,3,La Rioja,47.94,8,9,10,38657,4786,4887,22,1307,0.0,14390.0,34984,11,251,41.0
252,2019,3,Mendoza,40.74,6,21,1269,206821,2958,10093,1263,349,0.0,148640.0,54312,6865,12975,1545.0
253,2019,3,Misiones,39.33,18,47,1928,43530,29375,11256,16107,16650,12206.0,54493.0,65872,829,419,12270.0
254,2019,3,Neuquén,64.14,24,45,2258,62909,4586,9597,16923,28458,122.0,43347.0,60484,5560,13512,2518.0
255,2019,3,Río Negro,63.42,16,47,1234,87435,2348,9779,10176,15505,17719.0,67478.0,37425,9739,10806,18847.0
256,2019,3,Salta,44.48,15,49,900,43160,62230,14309,11418,12357,7515.0,65799.0,74329,733,1580,9394.0
257,2019,3,San Juan,37.06,6,22,171,68315,2245,1267,41,128,4779.0,51670.0,7425,1227,7241,5535.0
258,2019,3,San Luis,85.23,20,57,100,18643,5113,467,62242,5,36075.0,13037.0,10561,350,62286,36466.0
259,2019,3,Santa Cruz,35.63,5,28,84,31612,4472,1203,27,4,0.0,10663.0,17056,969,6544,2738.0
260,2019,3,Santa Fe,68.87,18,640,8184,242454,193286,107068,84325,97082,19537.0,319396.0,377171,18690,24269,21408.0
261,2019,3,Santiago Del Estero,55.3,9,39,1832,35554,55172,3612,86,1836,34501.0,24556.0,71198,219,2759,34400.0
262,2019,3,Tierra Del Fuego,96.46,7,6,14,32133,4692,1756,82,226,9648.0,19790.0,26659,651,0,1487.0
263,2019,3,Tucumán,39.49,19,16,110,71043,47693,24354,843,20385,0.0,150918.0,12089,116,684,324.0
264,2019,2,Buenos Aires,67.85,22,199768,46852,1436259,217785,438663,502275,985767,43438.0,1284658.0,2079900,382971,75240,32929.0
265,2019,2,Capital Federal,110.55,30,74,1027,281370,124087,239691,296155,475991,,309937.0,1061358,36082,3962,4281.0
266,2019,2,Catamarca,32.13,9,34,43,16631,8670,6049,34,10,2151.0,25682.0,5543,13,146,2251.0
267,2019,2,Chaco,34.14,16,69,1383,38488,26431,16789,15348,9904,1492.0,50765.0,47448,4203,4727,1591.0
268,2019,2,Chubut,46.99,6,66,3952,69032,10049,1495,74,165,4500.0,37313.0,26338,1917,14443,7545.0
269,2019,2,Córdoba,68.07,18,81,8165,248427,100512,157458,170159,76053,8938.0,314768.0,388254,23023,33847,15236.0
270,2019,2,Corrientes,38.16,14,10,3012,40424,27774,13114,11928,7119,6080.0,53835.0,47431,1701,2444,6138.0
271,2019,2,Entre Ríos,57.48,12,18,5905,100687,52316,23196,24221,10664,17206.0,97081.0,91081,12764,17369,17529.0
272,2019,2,Formosa,30.42,11,1110,349,26512,5399,8384,2639,2258,100.0,21916.0,8686,1382,14292,162.0
273,2019,2,Jujuy,44.51,12,27,940,26233,8441,26700,27,2600,21765.0,33022.0,30742,274,812,21857.0
274,2019,2,La Pampa,77.08,5,236,3289,75406,5191,1366,1445,629,2661.0,19471.0,52101,4840,10789,3004.0
275,2019,2,La Rioja,48.7,8,9,11,39819,4297,4857,13,1298,,15014.0,34984,11,251,41.0
276,2019,2,Mendoza,40.75,6,20,2522,205165,2971,10092,1256,234,,148673.0,54027,6865,12748,1544.0
277,2019,2,Misiones,39.15,14,47,2226,45769,27385,15408,18882,8129,12206.0,55373.0,64272,543,421,12269.0
278,2019,2,Neuquén,63.08,17,302,3038,61776,4688,17318,21210,14132,422.0,43420.0,59021,4983,12792,2737.0
279,2019,2,Río Negro,61.09,12,384,1354,86366,2201,10291,12407,6907,18519.0,67841.0,36527,4037,10485,19657.0
280,2019,2,Salta,41.89,13,49,974,59638,36923,16961,14059,6461,7585.0,68827.0,62343,725,1210,9463.0
281,2019,2,San Juan,35.6,6,22,213,60913,2177,785,7,4,6119.0,51680.0,7425,1174,2870,6876.0
282,2019,2,San Luis,81.79,20,57,102,16575,4964,467,57236,5,37977.0,11130.0,10298,347,57242,38368.0
283,2019,2,Santa Cruz,28.85,6,25,84,24861,3806,1202,28,4,,10665.0,10257,379,6514,2735.0
284,2019,2,Santa Fe,67.42,15,321,8427,300124,125176,129741,100131,49865,22323.0,325420.0,355140,18236,21980,22708.0
285,2019,2,Santiago Del Estero,52.79,7,39,1832,63268,21362,3741,108,1205,34501.0,24393.0,64783,219,2759,34600.0
286,2019,2,Tierra Del Fuego,94.8,6,6,123,41824,4241,1573,96,32,,19790.0,25527,651,0,1486.0
287,2019,2,Tucumán,40.14,19,16,157,78891,44296,24291,628,18394,,153121.0,12089,116,684,321.0
288,2019,1,Buenos Aires,66.24,20,162513,72296,1429964,202511,576428,576859,705769,6369.0,1304507.0,2020730,336362,64867,20201.0
289,2019,1,Capital Federal,109.2,25,74,7417,283787,131007,330122,365713,283463,0.0,328246.0,1030814,32281,3978,4281.0
290,2019,1,Catamarca,32.19,8,34,1708,18761,6443,5606,29,7,2151.0,26912.0,4443,16,0,2251.0
291,2019,1,Chaco,32.64,13,69,3801,38719,25632,18965,12393,6368,1035.0,53409.0,43555,1951,3628,1134.0
292,2019,1,Chubut,43.0,6,66,3938,71077,6571,787,74,165,0.0,37302.0,23065,1923,14443,3045.0
293,2019,1,Córdoba,65.52,16,81,20403,242769,96997,200681,127965,50716,6806.0,323272.0,363959,19902,24615,12367.0
294,2019,1,Corrientes,35.13,12,10,6470,38402,26562,15498,9688,5029,0.0,55842.0,43444,1615,1528,58.0
295,2019,1,Entre Ríos,56.79,11,18,9217,107013,50068,28957,18146,7619,12142.0,100999.0,90253,12723,16231,12241.0
296,2019,1,Formosa,29.68,10,1110,3023,23085,5301,9027,2099,1654,0.0,22570.0,7878,940,13761,62.0
297,2019,1,Jujuy,46.41,9,27,2817,30727,7811,4021,30,1141,37162.0,33248.0,12484,153,640,43622.0
298,2019,1,La Pampa,76.35,5,236,8327,70538,4466,1061,1354,405,698.0,18832.0,57373,2891,9023,1041.0
299,2019,1,La Rioja,50.18,7,9,1169,40285,4088,5216,17,869,0.0,16367.0,34984,12,252,41.0
300,2019,1,Mendoza,37.66,6,20,1786,205383,2837,5702,111,140,0.0,148524.0,40205,5662,10363,1544.0
301,2019,1,Misiones,36.26,13,47,5946,45266,25890,19111,16552,5167,7654.0,54898.0,59214,465,426,7717.0
302,2019,1,Neuquén,58.88,16,1328,3055,52360,1781,21452,17135,11026,6105.0,40747.0,55634,3114,12510,2372.0
303,2019,1,Río Negro,53.57,10,384,1583,84845,2037,13615,9567,5076,3719.0,68377.0,34124,3994,9736,4857.0
304,2019,1,Salta,40.1,10,49,4232,59244,36473,22910,10861,2242,1.0,74426.0,57933,647,1135,1879.0
305,2019,1,San Juan,31.83,6,22,229,62380,266,520,3,2,560.0,51660.0,5838,808,2932,1207.0
306,2019,1,San Luis,67.34,9,57,120,21380,53214,345,6,2,23577.0,11108.0,7784,378,53097,23968.0
307,2019,1,Santa Cruz,23.67,6,25,128,21990,2731,702,26,4,0.0,10659.0,4615,382,6514,2735.0
308,2019,1,Santa Fe,66.97,13,333,29350,296798,122959,153212,74575,36502,18591.0,340038.0,340344,15621,23215,17860.0
309,2019,1,Santiago Del Estero,37.52,6,39,3372,62895,20691,3959,85,494,0.0,25337.0,61547,23,2847,99.0
310,2019,1,Tierra Del Fuego,93.38,6,6,131,38851,3623,641,80,29,0.0,19789.0,23549,1623,0,1486.0
311,2019,1,Tucumán,41.63,17,16,5188,82240,42877,26210,847,14839,0.0,159215.0,11670,118,678,321.0
312,2018,4,Buenos Aires,64.6,17,134673,73761,1422463,194426,577679,949093,265386,6409.0,1305576.0,1949637,296102,65477,19814.0
313,2018,4,Capital Federal,108.27,23,74,7388,283281,143309,330496,439526,186810,0.0,328253.0,1019490,33042,3978,4257.0
314,2018,4,Catamarca,32.23,8,34,1669,17955,6425,5461,29,7,2151.0,26912.0,4443,16,0,2212.0
315,2018,4,Chaco,32.59,13,69,3405,38707,25633,18965,12393,6368,1035.0,53409.0,43555,1940,3236,1130.0
316,2018,4,Chubut,42.61,6,66,3917,66061,6215,531,623,165,0.0,37215.0,23065,952,14443,3047.0
317,2018,4,Córdoba,65.09,16,81,24102,228475,97277,201639,128053,48809,8296.0,328854.0,355716,17675,21851,13243.0
318,2018,4,Corrientes,34.57,12,10,6438,37406,26562,15498,9688,5029,0.0,55842.0,42418,796,1515,30.0
319,2018,4,Entre Ríos,54.37,11,18,8769,94780,50027,29002,18146,7612,13937.0,101168.0,86198,4853,15472,14356.0
320,2018,4,Formosa,29.74,10,1110,3074,23050,5285,9027,2092,1654,0.0,22619.0,7880,887,13761,57.0
321,2018,4,Jujuy,46.53,9,27,2803,30727,7811,4021,30,1141,36577.0,33248.0,12484,153,640,43608.0
322,2018,4,La Pampa,73.49,4,241,7727,70508,3661,978,1328,270,698.0,18832.0,55337,2685,7772,1010.0
323,2018,4,La Rioja,50.35,7,9,1164,40285,4088,5216,17,869,0.0,16367.0,34984,12,252,36.0
324,2018,4,Mendoza,37.76,6,20,1463,198598,2494,4726,19,132,0.0,148524.0,40205,5665,10363,1547.0
325,2018,4,Misiones,34.45,12,47,5981,45566,26019,19226,16566,5167,6154.0,55500.0,53673,465,426,6209.0
326,2018,4,Neuquén,59.07,16,1328,3044,52313,1781,21452,17135,11025,6105.0,40747.0,55634,3115,12425,2444.0
327,2018,4,Río Negro,51.86,10,384,1225,83412,643,13440,9569,5070,3719.0,68377.0,34292,1299,8037,4832.0
328,2018,4,Salta,39.8,10,49,3659,58495,36365,22910,10861,2242,1.0,74295.0,57539,638,253,1853.0
329,2018,4,San Juan,31.9,6,22,1465,59811,180,312,1,1,450.0,51660.0,5838,806,2883,1211.0
330,2018,4,San Luis,67.55,9,57,109,19164,53183,119,62,2,23577.0,11108.0,7784,378,53097,23964.0
331,2018,4,Santa Cruz,23.69,5,25,115,23107,779,206,1,4,0.0,10659.0,4615,382,6378,2734.0
332,2018,4,Santa Fe,65.59,13,335,31397,276301,121009,152039,74432,36427,29731.0,335519.0,322782,14387,18705,28997.0
333,2018,4,Santiago Del Estero,37.4,6,39,3250,61347,20127,3686,77,483,0.0,25339.0,61243,23,2649,81.0
334,2018,4,Tierra Del Fuego,93.59,7,6,27,35765,6323,9894,24,67,0.0,19789.0,23349,1623,0,1499.0
335,2018,4,Tucumán,41.76,17,16,5244,82089,42766,26111,847,14839,0.0,159215.0,11670,119,686,314.0
336,2018,3,Buenos Aires,64.44,17,991,80459,1445733,190805,636090,897964,237248,120464.0,1435856.0,1929273,156382,62318,26448.0
337,2018,3,Capital Federal,108.45,22,73,8493,287919,147253,370677,415020,165055,0.0,334353.0,1009252,35694,3872,9319.0
338,2018,3,Catamarca,32.92,8,34,1994,18475,6358,5320,34,7,2151.0,27553.0,4443,15,1,2214.0
339,2018,3,Chaco,32.28,13,70,3503,38729,24916,20335,11085,5667,1035.0,53927.0,42359,1990,2628,1129.0
340,2018,3,Chubut,56.39,6,67,3951,91096,6162,531,623,164,0.0,58887.0,23065,1239,13817,6728.0
341,2018,3,Córdoba,64.24,15,81,24767,224471,96372,221984,109333,39854,6490.0,337620.0,342401,15785,19213,10839.0
342,2018,3,Corrientes,34.25,11,11,6754,38364,24953,16601,8357,4419,0.0,56444.0,41300,212,1468,32.0
343,2018,3,Entre Ríos,50.22,11,18,9048,96095,45651,31353,15111,6786,0.0,103318.0,83714,2403,15093,80.0
344,2018,3,Formosa,29.58,9,1110,3365,22624,5259,9336,1729,1434,0.0,22777.0,7589,817,13625,57.0
345,2018,3,Jujuy,23.26,8,345,3020,29048,7756,4066,39,623,0.0,33363.0,10856,32,641,43.0
346,2018,3,La Pampa,71.75,4,242,8417,68507,3153,920,1189,216,698.0,12415.0,54574,8437,7011,987.0
347,2018,3,La Rioja,50.73,6,9,1291,40647,4138,5425,20,339,0.0,16587.0,34984,13,253,35.0
348,2018,3,Mendoza,37.99,6,20,1525,199297,2476,4727,27,129,0.0,151033.0,40205,5744,8195,1852.0
349,2018,3,Misiones,32.1,12,48,5749,39617,24747,21212,14674,4547,0.0,56290.0,50793,512,391,56.0
350,2018,3,Neuquén,60.49,15,1396,2244,55822,1647,23785,15218,9718,6105.0,46602.0,54129,998,12277,2712.0
351,2018,3,Río Negro,50.54,10,409,5221,75929,512,14912,8470,4332,3719.0,68590.0,33474,1252,5051,5125.0
352,2018,3,Salta,39.43,9,116,3721,61795,32782,25582,9224,502,0.0,76600.0,53980,678,234,1391.0
353,2018,3,San Juan,33.05,6,22,1326,62525,180,312,3,1,0.0,54025.0,5838,826,2744,1048.0
354,2018,3,San Luis,52.35,9,57,109,19170,52940,119,63,2,1902.0,11096.0,7784,368,52859,2314.0
355,2018,3,Santa Cruz,32.73,5,26,116,32815,778,206,1,3,0.0,18606.0,4574,585,6238,3996.0
356,2018,3,Santa Fe,63.41,12,467,36786,269211,115907,162545,62479,31266,13911.0,339126.0,312866,11749,16337,15022.0
357,2018,3,Santiago Del Estero,36.25,6,41,2550,60260,19116,3806,64,265,0.0,25805.0,58789,23,1662,81.0
358,2018,3,Tierra Del Fuego,92.77,6,6,187,41569,2270,231,24,13,0.0,19365.0,22649,1502,1,2047.0
359,2018,3,Tucumán,41.68,15,16,5993,81559,43282,27062,941,12187,0.0,161209.0,9280,110,252,315.0
360,2018,2,Buenos Aires,62.78,15,1009,81354,1459443,295457,816056,536049,199589,113357.0,1450203.0,1807868,143626,71256,27746.0
361,2018,2,Capital Federal,106.53,19,73,9234,290291,219166,445345,264805,142253,0.0,342431.0,977916,35610,3908,9321.0
362,2018,2,Catamarca,32.86,8,34,2414,14624,6112,4347,36,6,6500.0,27444.0,4415,15,1,2214.0
363,2018,2,Chaco,31.25,12,70,2968,34167,24282,21887,9251,4630,1035.0,54134.0,40750,562,1946,1129.0
364,2018,2,Chubut,54.9,5,67,4471,85598,5369,4,5,9,5010.0,58935.0,19591,1239,14070,6729.0
365,2018,2,Córdoba,63.27,14,81,21779,219630,102596,244291,78852,34950,8110.0,345141.0,327636,13832,16355,10109.0
366,2018,2,Corrientes,33.81,11,11,7047,38268,24066,17926,6780,3862,0.0,56541.0,39715,201,1468,32.0
367,2018,2,Entre Ríos,49.2,10,18,8179,94459,44570,34281,12012,5920,0.0,104811.0,80376,2405,12313,80.0
368,2018,2,Formosa,29.43,9,1110,3568,22409,5176,9727,1313,1243,0.0,23543.0,7311,18,13625,57.0
369,2018,2,Jujuy,23.43,6,345,3320,29319,8083,3977,44,7,0.0,33571.0,10856,23,640,43.0
370,2018,2,La Pampa,71.04,4,244,8797,68083,2409,965,969,179,698.0,12416.0,53587,8420,7011,987.0
371,2018,2,La Rioja,50.98,6,9,1384,40679,4198,5640,20,15,0.0,16663.0,34984,13,253,35.0
372,2018,2,Mendoza,36.97,6,20,1658,164596,515,266,17,72,33788.0,152938.0,36872,3084,6206,1852.0
373,2018,2,Misiones,31.63,12,48,6092,39489,23569,23747,11888,3866,0.0,57265.0,47923,512,391,56.0
374,2018,2,Neuquén,60.24,13,1396,2408,56035,1314,26417,12442,8551,6105.0,46633.0,52855,998,12649,2713.0
375,2018,2,Río Negro,50.15,10,409,5298,75056,523,16480,6663,3725,3975.0,68667.0,32795,1252,4396,5125.0
376,2018,2,Salta,39.94,9,116,3990,61763,33285,28431,7239,182,0.0,78386.0,53478,678,234,1391.0
377,2018,2,San Juan,32.95,6,22,1378,57591,11,0,3,0,5068.0,54080.0,5068,826,3079,1048.0
378,2018,2,San Luis,15.15,6,57,101,11992,11,0,7,2,9284.0,11104.0,7666,368,16,2314.0
379,2018,2,Santa Cruz,33.33,5,26,120,28600,655,100,1,3,4267.0,18615.0,4474,585,6734,3997.0
380,2018,2,Santa Fe,62.57,12,744,34267,262603,112143,175540,50525,26512,22257.0,337934.0,304349,11354,15801,15114.0
381,2018,2,Santiago Del Estero,35.26,6,41,2717,41362,18721,3278,31,31,17589.0,26074.0,55935,23,1662,81.0
382,2018,2,Tierra Del Fuego,91.61,6,6,188,40912,2217,75,0,0,107.0,19372.0,22756,531,1,2047.0
383,2018,2,Tucumán,41.51,14,16,6735,79899,44968,27059,1084,8784,1305.0,160315.0,8965,110,252,315.0
384,2018,1,Buenos Aires,62.63,14,1514,74766,1445752,292732,886678,480237,184203,105818.0,1452061.0,1793884,133928,64379,31194.0
385,2018,1,Capital Federal,106.24,18,89,10039,292566,222737,487826,227953,127384,0.0,349995.0,968483,35535,3164,9393.0
386,2018,1,Catamarca,32.79,8,34,2896,14770,6145,3539,41,4,6500.0,27300.0,4415,15,1,2214.0
387,2018,1,Chaco,30.83,12,70,3261,32516,24488,23296,8219,3897,1035.0,54879.0,40157,383,388,1130.0
388,2018,1,Chubut,53.72,5,67,4314,83161,5358,4,5,9,5010.0,56375.0,19591,1194,14070,6729.0
389,2018,1,Córdoba,63.52,13,281,23922,222815,104300,266259,57137,29228,10049.0,349342.0,326894,13178,13237,11275.0
390,2018,1,Corrientes,32.66,11,11,5005,37152,24038,19068,5890,3256,0.0,56937.0,35225,888,1334,33.0
391,2018,1,Entre Ríos,48.68,10,18,8861,90080,45599,37401,9818,5071,0.0,106998.0,75751,3789,10776,80.0
392,2018,1,Formosa,21.4,11,1110,3803,10092,5117,10061,1091,1046,0.0,23556.0,7095,17,1603,57.0
393,2018,1,Jujuy,23.12,7,345,4807,27219,8044,3925,49,4,0.0,33856.0,10456,23,28,43.0
394,2018,1,La Pampa,71.75,4,245,8119,67104,1616,1076,614,98,3503.0,10807.0,51389,8386,10556,1926.0
395,2018,1,La Rioja,51.44,6,9,1485,40680,4217,5831,19,1,0.0,16960.0,34984,13,253,35.0
396,2018,1,Mendoza,37.07,6,20,1662,164599,501,266,19,72,33788.0,152931.0,36872,3086,6206,1852.0
397,2018,1,Misiones,30.96,12,48,4700,35820,23291,26223,10241,3219,0.0,56311.0,46880,328,5,56.0
398,2018,1,Neuquén,61.52,12,1396,2367,59468,1311,29012,9709,7378,6105.0,46714.0,55072,1000,12404,2713.0
399,2018,1,Río Negro,49.82,9,409,5333,74894,530,17997,4972,3129,3975.0,68769.0,31712,1251,4259,5128.0
400,2018,1,Salta,39.78,9,116,4459,60334,33088,30771,5145,88,0.0,79936.0,51534,118,204,1391.0
401,2018,1,San Juan,32.61,6,22,1058,57078,11,0,3,0,5068.0,54080.0,5068,826,2246,1048.0
402,2018,1,San Luis,15.15,6,57,101,11920,11,0,7,2,9284.0,11104.0,7594,368,16,2314.0
403,2018,1,Santa Cruz,33.55,5,26,120,28600,655,100,1,3,4267.0,18615.0,4474,1799,6734,2783.0
404,2018,1,Santa Fe,62.28,11,1359,33639,262008,108576,188900,39589,22801,23181.0,341997.0,300421,10674,11636,15298.0
405,2018,1,Santiago Del Estero,34.99,6,41,2910,41298,18914,3449,33,2,17589.0,26788.0,54594,23,1432,81.0
406,2018,1,Tierra Del Fuego,65.2,6,6,307,33987,2,0,0,0,107.0,19372.0,9663,531,1,2047.0
407,2018,1,Tucumán,41.18,9,16,7472,78811,45675,26405,1218,7082,1305.0,158611.0,8921,107,368,50.0
408,2017,4,Buenos Aires,57.61,13,3865,55046,1551194,264645,712513,335140,151747,114182.0,1241172.0,1718013,131181,60082,31448.0
409,2017,4,Capital Federal,122.9,15,314,31411,517018,284040,458120,178396,114939,0.0,571363.0,961688,36277,3119,9877.0
410,2017,4,Catamarca,28.62,8,34,3182,15315,5904,2927,43,2,2151.0,27083.0,263,11,1,2200.0
411,2017,4,Chaco,30.81,12,70,3432,37144,24088,20123,7290,3289,1035.0,55035.0,39690,389,380,1121.0
412,2017,4,Chubut,51.46,5,67,4313,83676,5355,7,5,9,0.0,56378.0,15097,1187,14070,6708.0
413,2017,4,Córdoba,63.33,12,291,25411,280837,102892,217602,40898,24251,8429.0,349710.0,324709,12778,12043,10739.0
414,2017,4,Corrientes,32.52,10,11,5220,41080,23686,16046,5053,2675,0.0,56786.0,34722,894,1334,35.0
415,2017,4,Entre Ríos,47.89,9,1685,9078,95466,45189,30010,7958,4113,0.0,107764.0,73692,1894,10267,86.0
416,2017,4,Formosa,21.27,10,1110,4061,13220,4867,6996,977,824,0.0,23410.0,6973,19,1603,51.0
417,2017,4,Jujuy,22.74,7,345,5364,26566,7721,3507,44,3,0.0,33844.0,9626,20,28,34.0
418,2017,4,La Pampa,71.05,4,310,8729,66053,1227,792,391,81,3503.0,10808.0,50495,8272,10569,1927.0
419,2017,4,La Rioja,51.57,6,9,1488,40777,4083,5813,22,3,0.0,16912.0,34984,14,253,31.0
420,2017,4,Mendoza,33.33,6,26,1656,177646,438,278,29,81,0.0,152896.0,16114,3015,6206,1920.0
421,2017,4,Misiones,31.14,11,1053,3900,41723,23131,22262,9091,2735,0.0,56271.0,47470,95,5,54.0
422,2017,4,Neuquén,61.24,11,1396,2372,68036,1325,22781,7528,6300,6105.0,46739.0,54119,1017,12404,2692.0
423,2017,4,Río Negro,49.38,8,409,5598,81078,485,12502,3447,2440,3719.0,68690.0,30451,1250,4259,5114.0
424,2017,4,Salta,39.8,8,636,4275,73284,32842,18968,3559,84,0.0,80705.0,50446,127,158,1376.0
425,2017,4,San Juan,30.3,6,22,1062,57525,9,0,2,2,0.0,54079.0,451,812,2246,1036.0
426,2017,4,San Luis,10.59,6,59,101,12822,8,0,1,7,1902.0,11104.0,1119,335,17,2329.0
427,2017,4,Santa Cruz,28.91,5,68,78,29073,655,100,1,3,0.0,18614.0,1668,582,4638,3950.0
428,2017,4,Santa Fe,61.71,10,3109,34132,309998,108939,151329,30736,19602,14119.0,341680.0,293831,10602,10965,15382.0
429,2017,4,Santiago Del Estero,29.13,6,41,3091,43544,18773,3359,32,2,0.0,27313.0,40407,19,1025,80.0
430,2017,4,Tierra Del Fuego,59.89,5,6,310,31334,2,0,0,0,0.0,19372.0,6906,530,1,2045.0
431,2017,4,Tucumán,39.9,9,105,8164,78750,45241,24318,1303,4367,0.0,156583.0,5223,105,102,319.0
432,2017,3,Buenos Aires,55.63,8,6577,51411,1733479,311652,676137,140812,108400,0.0,1288025.0,1571180,124920,35058,38777.0
433,2017,3,Capital Federal,121.86,11,283,33924,590689,311411,426300,120675,91917,0.0,583249.0,941092,33481,2814,9723.0
434,2017,3,Catamarca,32.49,5,52,3204,15383,5758,2563,50,1,0.0,26873.0,4411,12,1,2181.0
435,2017,3,Chaco,29.98,8,95,3496,40059,23008,20307,3827,2004,0.0,54888.0,37307,456,36,1072.0
436,2017,3,Chubut,46.22,3,436,3989,71843,2336,3,0,0,0.0,56359.0,5645,1217,13503,6820.0
437,2017,3,Córdoba,62.31,9,327,26154,309161,100113,189302,38131,16741,0.0,344580.0,319360,10579,7137,14988.0
438,2017,3,Corrientes,32.17,7,24,5629,44305,22785,15576,2635,1607,0.0,56247.0,33993,947,1334,27.0
439,2017,3,Entre Ríos,45.96,7,1691,7545,98032,42947,29011,3878,2397,0.0,107774.0,69596,1786,6245,63.0
440,2017,3,Formosa,21.35,7,1063,3716,13752,5187,6056,899,459,0.0,22647.0,6816,428,2202,12.0
441,2017,3,Jujuy,22.65,5,337,5723,26835,7369,2962,41,2,0.0,33796.0,9395,20,23,8.0
442,2017,3,La Pampa,69.14,3,343,8244,64794,855,588,327,51,0.0,11378.0,49679,5153,11536,1944.0
443,2017,3,La Rioja,51.47,5,16,1497,40882,3899,5604,23,3,0.0,16638.0,34984,14,252,25.0
444,2017,3,Mendoza,35.7,4,32,95,158461,115,67,29,19,0.0,154036.0,33788,2772,29,1866.0
445,2017,3,Misiones,30.21,8,1058,4123,42900,22808,23913,3843,1881,0.0,56472.0,43880,110,5,9.0
446,2017,3,Neuquén,60.83,8,2036,1457,72532,1034,20213,7067,4937,0.0,48001.0,52468,1044,11576,2695.0
447,2017,3,Río Negro,48.52,5,422,5641,83900,306,10116,2965,1659,0.0,69301.0,30018,1106,3054,4017.0
448,2017,3,Salta,39.84,6,645,4494,78830,32433,14620,2315,63,0.0,80782.0,50284,127,158,1167.0
449,2017,3,San Juan,32.37,3,31,1077,57582,1,0,2,2,0.0,54499.0,5068,816,1053,1013.0
450,2017,3,San Luis,15.48,4,63,3,12325,7,0,1,7,0.0,11407.0,7576,347,26,2363.0
451,2017,3,Santa Cruz,33.29,4,188,23,29102,542,66,33,1,0.0,19220.0,5487,1544,4552,2887.0
452,2017,3,Santa Fe,60.91,8,3116,34019,320017,104453,125339,24536,12982,0.0,322953.0,290655,6338,4897,37499.0
453,2017,3,Santiago Del Estero,35.12,5,69,3288,40435,18489,3047,30,2,0.0,27733.0,54096,19,911,35.0
454,2017,3,Tierra Del Fuego,65.74,3,9,297,33858,0,0,0,0,0.0,21587.0,7012,622,1,2244.0
455,2017,3,Tucumán,39.7,6,109,8948,83070,45302,20514,1361,655,0.0,154130.0,6431,106,40,305.0
456,2017,2,Buenos Aires,56.27,7,7548,47472,1910156,299009,573298,93059,46178,0.0,1378549.0,1535037,119132,21555,24358.0
457,2017,2,Capital Federal,124.06,9,556,35663,726223,304970,378571,80234,37977,0.0,615262.0,932466,38628,2819,11016.0
458,2017,2,Catamarca,25.98,5,15,3318,15655,5325,2342,47,1,0.0,26401.0,255,14,1,34.0
459,2017,2,Chaco,29.05,8,191,3733,42590,22349,18044,3157,545,0.0,54449.0,35613,458,52,39.0
460,2017,2,Chubut,35.55,3,403,4186,73760,1880,0,0,0,0.0,43994.0,1067,916,13194,4804.0
461,2017,2,Córdoba,58.97,7,251,26862,370865,88479,146683,20351,5069,0.0,341748.0,303488,4451,6446,1505.0
462,2017,2,Corrientes,31.39,7,15,5912,46483,21776,13043,2218,647,0.0,55262.0,33192,258,1354,31.0
463,2017,2,Entre Ríos,45.39,6,1680,7944,104422,41800,23524,2604,823,0.0,108309.0,67650,254,6448,71.0
464,2017,2,Formosa,19.97,6,1486,3419,14787,4795,4583,749,139,0.0,22493.0,6410,17,1023,13.0
465,2017,2,Jujuy,22.4,5,311,5877,26915,6974,2538,42,1,0.0,33742.0,8858,22,0,35.0
466,2017,2,La Pampa,63.49,3,356,8633,59045,558,336,244,21,0.0,12754.0,48310,5194,6253,511.0
467,2017,2,La Rioja,16.2,6,9,1554,9304,3599,1796,24,2,0.0,16244.0,0,15,2,28.0
468,2017,2,Mendoza,31.76,4,109,24,177203,92,50,5,22,0.0,153331.0,13030,2581,27,1784.0
469,2017,2,Misiones,30.09,8,1011,4447,47244,22033,21599,2892,570,0.0,56752.0,42925,103,5,9.0
470,2017,2,Neuquén,61.91,7,1542,1395,81272,849,18051,4774,1703,0.0,51794.0,50283,1133,11545,2678.0
471,2017,2,Río Negro,46.02,5,973,5606,88085,245,7990,1921,559,0.0,67038.0,29147,961,3213,1260.0
472,2017,2,Salta,32.74,6,594,4719,67576,23185,11333,1068,76,0.0,80184.0,27280,115,158,804.0
473,2017,2,San Juan,26.96,3,15,193,58588,0,0,0,4,0.0,48670.0,451,772,1073,915.0
474,2017,2,San Luis,9.51,4,8,4,14014,0,0,1,2,0.0,11432.0,1120,354,26,375.0
475,2017,2,Santa Cruz,26.25,4,188,24,30913,541,66,33,0,0.0,15311.0,2722,1365,4735,2255.0
476,2017,2,Santa Fe,52.27,7,4967,38721,311830,92854,97563,16794,4275,0.0,329813.0,228102,3234,4958,1173.0
477,2017,2,Santiago Del Estero,14.12,5,26,3539,20384,6432,2802,16,0,0.0,28337.0,3900,19,911,29.0
478,2017,2,Tierra Del Fuego,68.46,3,16,285,35409,0,0,0,0,0.0,22636.0,6905,665,1,2350.0
479,2017,2,Tucumán,38.19,6,96,9236,83342,42536,17788,1371,21,0.0,149013.0,5223,116,14,45.0
480,2017,1,Buenos Aires,58.57,7,6017,83918,2057698,402315,523540,90937,22299,0.0,1559178.0,1465817,118839,21200,24342.0
481,2017,1,Capital Federal,108.37,8,510,1409,678922,218487,277195,66536,19881,0.0,428801.0,918328,38259,2730,10928.0
482,2017,1,Catamarca,25.66,5,15,3328,15861,4901,2161,49,0,0.0,26020.0,248,14,1,34.0
483,2017,1,Chaco,28.62,7,191,3835,44544,21467,15671,3025,314,0.0,54430.0,34277,252,52,39.0
484,2017,1,Chubut,35.66,3,401,4182,73759,1808,0,0,0,0.0,43994.0,999,916,13194,4793.0
485,2017,1,Córdoba,57.65,7,50,28732,391556,82011,118643,19035,2071,0.0,335673.0,293479,4871,5782,1394.0
486,2017,1,Corrientes,30.94,6,15,6040,48149,20586,11468,2044,303,0.0,54993.0,31994,236,1354,31.0
487,2017,1,Entre Ríos,44.91,6,1680,8080,108379,39146,20562,2254,317,0.0,108509.0,65095,230,6448,71.0
488,2017,1,Formosa,19.84,6,1535,3538,15473,4446,4058,635,22,0.0,22438.0,6215,16,1023,13.0
489,2017,1,Jujuy,22.76,4,330,6213,27824,6486,2306,44,0,0.0,33869.0,9278,22,0,34.0
490,2017,1,La Pampa,62.67,3,362,9279,57739,331,192,165,11,0.0,12754.0,47195,5194,6253,517.0
491,2017,1,La Rioja,16.2,5,9,1578,9486,3409,1718,22,2,0.0,16180.0,0,15,2,28.0
492,2017,1,Mendoza,31.84,4,106,15,177201,86,50,5,22,0.0,153326.0,13030,2581,27,1769.0
493,2017,1,Misiones,29.52,7,1010,4665,45950,23847,19356,2627,166,0.0,57363.0,40142,101,5,8.0
494,2017,1,Neuquén,61.02,6,1547,1418,83813,902,15130,4223,458,0.0,51771.0,48109,1124,11665,2670.0
495,2017,1,Río Negro,46.03,4,986,5647,89622,246,6738,1594,200,0.0,67075.0,28785,954,3213,1261.0
496,2017,1,Salta,32.58,5,579,4861,70922,21554,9386,267,74,0.0,79837.0,26845,114,158,679.0
497,2017,1,San Juan,27.04,3,8,192,58588,0,0,0,4,0.0,48670.0,451,772,1073,907.0
498,2017,1,San Luis,9.55,4,8,4,14014,0,0,1,2,0.0,11432.0,1120,354,26,375.0
499,2017,1,Santa Cruz,26.52,4,190,23,31078,474,68,30,0,0.0,15502.0,2722,1272,4733,2257.0
500,2017,1,Santa Fe,51.97,6,4966,39463,340418,77152,83008,15775,1831,0.0,327458.0,226094,3210,4948,1172.0
501,2017,1,Santiago Del Estero,14.7,5,26,3772,21659,6218,2786,17,0,0.0,29616.0,3900,19,911,29.0
502,2017,1,Tierra Del Fuego,68.92,3,16,285,35409,0,0,0,0,0.0,22636.0,6905,665,1,2350.0
503,2017,1,Tucumán,37.9,6,96,9682,86470,39155,15951,1383,13,0.0,147373.0,5223,116,14,45.0
504,2016,4,Buenos Aires,61.24,6,6055,86281,2085605,403575,467398,72348,17279,0.0,1563542.0,1414676,118747,21394,24342.0
505,2016,4,Capital Federal,120.63,8,517,1477,704324,225723,264582,53506,16756,0.0,434835.0,914952,38161,2583,10928.0
506,2016,4,Catamarca,26.54,5,15,3478,16519,4889,2077,54,0,0.0,26735.0,250,14,1,34.0
507,2016,4,Chaco,28.79,7,191,3983,45634,21323,14887,2586,250,0.0,54974.0,33534,248,52,39.0
508,2016,4,Chubut,36.07,3,401,4493,73951,1352,0,0,0,0.0,43994.0,955,916,13107,4793.0
509,2016,4,Córdoba,57.7,6,50,29380,404645,77966,108368,15458,1606,0.0,337368.0,289344,3368,5686,789.0
510,2016,4,Corrientes,30.98,6,15,6109,48995,20187,10908,1645,234,0.0,54981.0,31497,233,1354,31.0
511,2016,4,Entre Ríos,45.21,6,1680,8253,110296,38491,19509,1801,280,0.0,109359.0,64141,226,6448,71.0
512,2016,4,Formosa,19.85,6,1573,3519,15791,4114,3855,649,17,0.0,22400.0,6061,16,1023,13.0
513,2016,4,Jujuy,22.65,4,303,6225,27778,6143,2134,43,0,0.0,33838.0,8731,22,0,34.0
514,2016,4,La Pampa,63.02,3,368,9789,56694,16,335,132,11,0.0,12754.0,47245,5054,6253,522.0
515,2016,4,La Rioja,16.46,5,9,1646,9635,3334,1675,13,3,0.0,16270.0,0,16,2,28.0
516,2016,4,Mendoza,32.11,4,114,16,177194,79,49,5,20,0.0,153320.0,13030,2579,27,1769.0
517,2016,4,Misiones,29.72,7,1010,4783,47454,23433,18371,2215,126,0.0,57983.0,39294,100,5,8.0
518,2016,4,Neuquén,60.87,6,1539,1406,84859,792,14153,3073,271,0.0,51742.0,46389,1124,11910,2670.0
519,2016,4,Río Negro,46.39,4,998,2953,92967,248,6317,1174,122,0.0,67057.0,28474,954,3274,1261.0
520,2016,4,Salta,32.69,5,577,5027,71636,20787,8611,239,70,0.0,79389.0,26657,110,158,621.0
521,2016,4,San Juan,27.29,3,8,220,58608,0,0,0,4,0.0,48670.0,451,772,1121,907.0
522,2016,4,San Luis,9.64,4,8,4,14014,0,0,1,2,0.0,11432.0,1120,354,26,375.0
523,2016,4,Santa Cruz,27.05,4,189,23,31369,342,80,10,0,0.0,15607.0,2722,1055,4823,2257.0
524,2016,4,Santa Fe,52.19,6,4966,40102,349722,74401,77667,13155,1529,0.0,326721.0,225792,3201,4946,1172.0
525,2016,4,Santiago Del Estero,15.07,5,26,3925,22246,6178,2664,15,0,0.0,30192.0,3900,19,911,29.0
526,2016,4,Tierra Del Fuego,70.31,3,16,285,35409,0,0,0,0,0.0,22636.0,6905,665,1,2350.0
527,2016,4,Tucumán,37.98,6,96,10021,87994,37721,14389,1400,10,0.0,146995.0,4482,116,14,45.0
528,2016,3,Buenos Aires,60.14,6,5856,107945,2148475,393530,399116,52900,13318,0.0,1574216.0,1355770,113463,18867,24276.0
529,2016,3,Capital Federal,120.77,7,331,995,759028,208249,240856,38341,13886,0.0,447726.0,905105,36796,2514,10963.0
530,2016,3,Catamarca,26.48,5,15,4038,16183,4845,1853,50,0,0.0,26689.0,248,14,1,18.0
531,2016,3,Chaco,28.91,7,190,5227,46821,21193,13746,2022,217,0.0,56251.0,32730,232,2,15.0
532,2016,3,Chubut,36.18,3,466,5190,74375,674,0,0,0,0.0,43987.0,935,916,13364,4750.0
533,2016,3,Córdoba,58.24,6,48,41329,415075,75988,99225,11691,1322,0.0,348481.0,285480,2540,5695,395.0
534,2016,3,Corrientes,31.07,6,15,7425,49471,19956,10006,1263,210,0.0,55934.0,30813,217,1354,22.0
535,2016,3,Entre Ríos,45.44,6,1768,10657,110844,38665,17737,1307,248,0.0,112588.0,61850,206,6441,64.0
536,2016,3,Formosa,18.64,5,1723,4277,15581,3964,3658,648,10,0.0,21800.0,5905,9,0,2.0
537,2016,3,Jujuy,22.61,4,286,6878,27425,5943,1978,31,0,0.0,34250.0,8236,22,0,30.0
538,2016,3,La Pampa,61.73,3,374,10187,55792,15,224,114,11,0.0,12751.0,45952,4910,6236,515.0
539,2016,3,La Rioja,17.07,5,9,2349,9686,3316,1562,11,2,0.0,16891.0,0,15,2,22.0
540,2016,3,Mendoza,32.09,4,37,10,178186,73,48,5,17,0.0,153233.0,13030,2576,28,1757.0
541,2016,3,Misiones,29.91,7,1010,6030,48871,23394,17043,1559,91,0.0,59776.0,38130,79,5,7.0
542,2016,3,Neuquén,60.21,5,1531,1527,87404,680,12541,2118,225,0.0,51752.0,44739,1093,12402,2617.0
543,2016,3,Río Negro,46.39,4,1007,6026,90689,207,5953,790,99,0.0,67043.0,28496,942,3293,1252.0
544,2016,3,Salta,32.96,5,1107,6922,71214,20229,8099,197,50,0.0,80866.0,26113,90,157,565.0
545,2016,3,San Juan,27.32,3,8,245,58577,0,0,0,2,0.0,48670.0,451,770,1174,903.0
546,2016,3,San Luis,9.63,4,7,4,14077,0,0,1,2,0.0,11432.0,1113,354,23,371.0
547,2016,3,Santa Cruz,26.84,4,189,22,31904,221,52,9,0,0.0,15570.0,2722,817,4978,2170.0
548,2016,3,Santa Fe,52.67,6,3958,49501,360606,72657,69864,10210,1308,0.0,334911.0,223011,3037,4862,1190.0
549,2016,3,Santiago Del Estero,15.33,5,26,5097,22747,6216,2497,9,0,0.0,31730.0,3900,19,3,8.0
550,2016,3,Tierra Del Fuego,68.94,3,16,285,35080,0,0,0,0,0.0,22636.0,6276,665,1,2347.0
551,2016,3,Tucumán,37.9,6,127,12247,87970,36518,13150,1288,4,0.0,147259.0,3850,116,53,41.0
552,2016,2,Buenos Aires,59.34,5,10786,133385,2250898,335296,334723,31494,11933,0.0,1579448.0,1305949,113070,21163,25661.0
553,2016,2,Capital Federal,120.04,7,4352,1736,859039,146091,213010,19597,13477,0.0,450644.0,892209,36669,2390,12672.0
554,2016,2,Catamarca,26.07,4,15,5736,14742,4567,1496,47,1,0.0,26262.0,245,14,1,34.0
555,2016,2,Chaco,28.59,6,197,8063,45823,20346,12090,1571,201,0.0,56112.0,31825,221,52,41.0
556,2016,2,Chubut,36.12,3,572,5421,73078,775,0,0,0,0.0,43977.0,867,916,13293,4803.0
557,2016,2,Córdoba,57.55,6,258,57050,437547,71980,82618,8355,1242,0.0,348891.0,277615,1709,5610,1089.0
558,2016,2,Corrientes,30.58,6,41,10018,47916,19200,8851,803,191,0.0,55511.0,29845,203,1354,43.0
559,2016,2,Entre Ríos,44.74,5,4734,16368,115000,36917,15522,849,205,0.0,112809.0,58768,169,6434,193.0
560,2016,2,Formosa,19.37,5,1675,5401,14370,3569,3218,593,10,0.0,22101.0,5658,6,1023,14.0
561,2016,2,Jujuy,21.89,4,2561,8292,25301,5589,1750,3,0,0.0,33758.0,7374,22,0,35.0
562,2016,2,La Pampa,60.44,3,429,10616,63928,15,119,96,11,0.0,12754.0,44654,4708,6225,547.0
563,2016,2,La Rioja,16.88,5,10,3151,9043,3190,1344,3,5,0.0,16691.0,0,15,2,28.0
564,2016,2,Mendoza,32.13,4,437,30,176922,61,44,5,20,0.0,153321.0,13030,2576,29,1868.0
565,2016,2,Misiones,29.24,6,1973,7899,49586,21385,14820,1073,96,0.0,59573.0,36145,77,5,15.0
566,2016,2,Neuquén,59.1,5,1916,1691,88854,583,10241,1285,208,0.0,51742.0,42370,1088,12466,2849.0
567,2016,2,Río Negro,46.24,4,1189,6107,92158,194,4877,520,86,0.0,67031.0,28100,939,3300,1334.0
568,2016,2,Salta,32.08,5,2160,10123,70875,18759,7129,140,49,0.0,79438.0,24719,85,151,539.0
569,2016,2,San Juan,27.34,3,10,273,57589,0,0,0,4,0.0,48670.0,451,770,1214,908.0
570,2016,2,San Luis,9.6,4,12,4,13931,0,0,1,2,0.0,11432.0,1063,354,30,377.0
571,2016,2,Santa Cruz,26.73,4,244,26,31995,142,20,0,0,0.0,15453.0,2722,396,4996,2586.0
572,2016,2,Santa Fe,52.44,5,9486,67325,374960,68505,60469,6509,1277,0.0,336244.0,219088,2981,4744,1417.0
573,2016,2,Santiago Del Estero,15.89,4,704,6705,22208,5943,2108,1,0,0.0,32101.0,3900,19,911,30.0
574,2016,2,Tierra Del Fuego,67.72,3,16,286,38773,0,0,0,0,0.0,22636.0,5707,665,1,2350.0
575,2016,2,Tucumán,37.24,5,231,18515,83945,33891,11310,1032,2,0.0,145486.0,2968,116,58,49.0
576,2016,1,Buenos Aires,57.34,5,7351,97880,2214760,289929,247372,8315,9529,0.0,1583560.0,1200859,111231,21108,25757.0
577,2016,1,Capital Federal,115.16,6,2310,43686,869048,178665,192644,6577,10838,0.0,454425.0,832126,36332,2284,12729.0
578,2016,1,Catamarca,25.91,4,15,6102,14653,4241,1334,42,1,0.0,26096.0,243,15,1,34.0
579,2016,1,Chaco,28.08,6,194,8755,46304,19388,10587,1238,184,0.0,56353.0,29994,211,52,41.0
580,2016,1,Chubut,36.09,3,94,5095,72396,1066,0,0,0,0.0,43967.0,834,916,13280,4803.0
581,2016,1,Córdoba,55.28,5,148,59484,414452,65763,66455,4143,1039,0.0,350884.0,252346,674,5636,386.0
582,2016,1,Corrientes,30.08,5,29,10690,47833,18375,7911,526,170,0.0,55454.0,28491,192,1354,45.0
583,2016,1,Entre Ríos,43.85,5,2864,17749,104137,35104,14057,457,165,0.0,113101.0,54948,146,6425,193.0
584,2016,1,Formosa,19.04,5,1738,5731,14163,3229,2906,544,5,0.0,21852.0,5420,5,1023,14.0
585,2016,1,Jujuy,21.41,4,2543,8558,22383,5188,1623,0,0,0.0,33481.0,6751,22,0,35.0
586,2016,1,La Pampa,57.84,3,426,11065,52117,15,78,71,11,0.0,12754.0,41881,4536,6209,549.0
587,2016,1,La Rioja,16.83,5,10,3382,9060,2980,1254,2,3,0.0,16645.0,0,16,2,28.0
588,2016,1,Mendoza,32.12,4,235,21,175376,47,43,5,17,0.0,153299.0,13030,2576,34,1871.0
589,2016,1,Misiones,28.37,6,959,8502,50061,19195,13363,779,68,0.0,59538.0,33330,70,5,15.0
590,2016,1,Neuquén,55.75,4,1720,1737,86310,479,7893,143,171,0.0,51702.0,36122,1085,12502,2850.0
591,2016,1,Río Negro,45.84,4,1171,6105,90038,203,4246,77,81,0.0,66894.0,27312,937,3341,1338.0
592,2016,1,Salta,31.32,5,1119,10765,65646,17748,6643,119,31,0.0,78973.0,22741,73,132,507.0
593,2016,1,San Juan,27.33,3,9,309,56447,0,0,0,2,0.0,48670.0,451,770,1195,908.0
594,2016,1,San Luis,9.59,4,8,4,13645,0,0,1,2,0.0,11432.0,1042,354,27,377.0
595,2016,1,Santa Cruz,26.87,3,168,29,32188,8,0,0,0,0.0,15654.0,2723,396,5088,2426.0
596,2016,1,Santa Fe,51.28,5,6492,71565,353525,64117,51293,3754,1063,0.0,338052.0,204816,3014,4686,1428.0
597,2016,1,Santiago Del Estero,16.21,4,703,7219,22805,5769,1898,0,0,0.0,32838.0,3900,19,911,30.0
598,2016,1,Tierra Del Fuego,65.83,3,16,285,33003,0,0,0,0,0.0,22636.0,4834,665,1,2350.0
599,2016,1,Tucumán,36.72,5,106,20092,84008,31490,10046,871,0,0.0,144233.0,2165,116,74,49.0
600,2015,4,Buenos Aires,58.29,5,7985,100303,2253197,274560,240188,3835,8180,0.0,1586343.0,1223603,103269,20397,25773.0
601,2015,4,Capital Federal,118.13,6,2417,46568,916813,172029,198635,3087,10899,0.0,455427.0,879950,19818,2273,12758.0
602,2015,4,Catamarca,26.24,4,15,6513,14484,4106,1313,39,1,0.0,26180.0,242,15,1,34.0
603,2015,4,Chaco,28.35,6,194,9593,46771,18608,10092,1136,159,0.0,56818.0,29456,186,52,41.0
604,2015,4,Chubut,36.89,3,625,5774,71881,168,0,0,0,0.0,43968.0,811,916,13521,4803.0
605,2015,4,Córdoba,57.36,5,148,63746,427471,62989,67151,3336,1088,0.0,353530.0,266062,480,5613,385.0
606,2015,4,Corrientes,30.34,5,29,11248,48104,17877,7569,456,150,0.0,55681.0,28178,177,1354,45.0
607,2015,4,Entre Ríos,44.11,5,2865,18883,104224,33989,13668,399,163,0.0,113983.0,53411,122,6427,194.0
608,2015,4,Formosa,19.07,5,1791,6081,14279,2704,2713,519,4,0.0,21734.0,5314,4,1023,14.0
609,2015,4,Jujuy,21.47,4,2551,8876,21867,5044,1587,0,0,0.0,32934.0,6933,22,0,35.0
610,2015,4,La Pampa,58.76,3,592,12951,48798,16,63,49,10,0.0,12755.0,42705,4327,6205,374.0
611,2015,4,La Rioja,17.32,5,10,3638,9127,2937,1215,2,3,0.0,16886.0,0,16,2,28.0
612,2015,4,Mendoza,32.49,4,241,23,174719,38,41,5,13,0.0,153293.0,13030,2572,38,1874.0
613,2015,4,Misiones,28.69,6,959,9169,51029,17281,13690,675,52,0.0,60252.0,32533,48,5,15.0
614,2015,4,Neuquén,58.29,4,1727,2061,89678,455,7934,9,175,0.0,51680.0,38902,1048,12934,2852.0
615,2015,4,Río Negro,46.44,4,3282,4473,89062,201,4024,5,75,0.0,66851.0,27221,915,3407,1328.0
616,2015,4,Salta,31.59,5,1122,11387,65677,17139,6507,99,5,0.0,78744.0,22446,47,129,554.0
617,2015,4,San Juan,27.66,3,9,386,55761,0,0,0,2,0.0,48670.0,451,770,1230,908.0
618,2015,4,San Luis,9.71,4,8,4,13473,0,0,1,2,0.0,11432.0,1025,354,30,377.0
619,2015,4,Santa Cruz,27.74,3,188,26,32338,3,0,0,0,0.0,15614.0,2723,396,5261,2409.0
620,2015,4,Santa Fe,52.61,5,6659,75770,361264,60985,51258,3079,1189,0.0,339843.0,212911,2885,4596,1437.0
621,2015,4,Santiago Del Estero,17.0,4,703,7836,23074,5669,1856,0,0,0.0,33582.0,4365,19,1139,30.0
622,2015,4,Tierra Del Fuego,66.46,3,16,285,32662,0,0,0,0,0.0,22636.0,4301,665,1,2350.0
623,2015,4,Tucumán,37.06,5,107,21800,83887,29942,9507,837,0,0.0,144188.0,1653,116,88,50.0
624,2015,3,Buenos Aires,57.69,5,8361,107351,2266948,262564,200491,2642,7720,0.0,1585467.0,1183894,113590,19989,25825.0
625,2015,3,Capital Federal,118.29,6,2448,49340,942525,159618,175594,2028,10022,0.0,454815.0,871262,30974,2229,12788.0
626,2015,3,Catamarca,25.86,4,15,6871,14206,4143,812,43,1,0.0,25801.0,242,15,1,34.0
627,2015,3,Chaco,27.96,5,240,10353,47131,19016,7498,979,157,0.0,56282.0,28809,186,52,41.0
628,2015,3,Chubut,36.81,3,641,5886,71668,167,0,0,0,0.0,43964.0,792,916,13408,4803.0
629,2015,3,Córdoba,57.08,5,150,68765,429787,61109,59372,2582,1048,0.0,351692.0,264055,1450,5412,389.0
630,2015,3,Corrientes,30.17,5,33,11921,48127,18168,6111,453,146,0.0,55792.0,27604,176,1340,47.0
631,2015,3,Entre Ríos,43.68,5,2863,20385,103990,34788,9924,384,153,0.0,113909.0,51945,122,6261,197.0
632,2015,3,Formosa,18.84,4,1862,6521,14354,2791,1842,379,2,0.0,21573.0,5264,2,899,14.0
633,2015,3,Jujuy,21.27,4,2549,9278,21588,5169,966,0,0,0.0,32598.0,6895,22,0,35.0
634,2015,3,La Pampa,57.96,3,613,13087,47660,9,55,39,10,0.0,12755.0,41886,4078,6195,557.0
635,2015,3,La Rioja,17.15,4,10,3840,9102,2984,832,0,3,0.0,16725.0,0,16,2,28.0
636,2015,3,Mendoza,32.49,4,256,25,173430,45,18,5,13,0.0,153299.0,13030,2572,42,1880.0
637,2015,3,Misiones,28.31,6,958,9809,51234,17367,11654,559,43,0.0,59921.0,31635,46,5,15.0
638,2015,3,Neuquén,54.6,4,1733,2124,85044,210,6599,2,155,0.0,47102.0,36620,1045,13051,2798.0
639,2015,3,Río Negro,46.39,4,3372,4457,88691,99,3826,1,62,0.0,66806.0,27130,917,3415,1346.0
640,2015,3,Salta,31.18,4,1126,12223,65405,17451,4318,61,5,0.0,78064.0,21688,47,129,645.0
641,2015,3,San Juan,27.67,3,9,391,54963,0,0,0,2,0.0,48670.0,451,770,1231,908.0
642,2015,3,San Luis,9.71,4,9,4,13286,0,0,1,2,0.0,11432.0,1025,354,31,377.0
643,2015,3,Santa Cruz,27.61,3,190,25,32266,2,0,0,0,0.0,15540.0,2718,396,5226,2391.0
644,2015,3,Santa Fe,52.15,5,6767,80817,363177,59531,42021,2320,1133,0.0,337042.0,209673,4169,4426,1428.0
645,2015,3,Santiago Del Estero,17.12,4,703,8332,23158,5956,1249,0,0,0.0,33886.0,4365,19,1097,30.0
646,2015,3,Tierra Del Fuego,74.86,3,15,285,36408,2,0,0,0,0.0,22636.0,8085,665,1,2350.0
647,2015,3,Tucumán,36.61,5,107,23687,83654,29998,6232,623,0,0.0,142925.0,1135,116,88,50.0
648,2015,2,Buenos Aires,56.8,4,8714,137189,2299705,243503,159922,2010,6712,0.0,1581770.0,1141052,115660,19268,26040.0
649,2015,2,Capital Federal,116.07,5,2493,51799,990112,148569,142976,1482,9258,0.0,453178.0,858342,19786,2172,12806.0
650,2015,2,Catamarca,25.45,4,15,7253,14003,3776,593,37,1,0.0,25387.0,242,15,1,34.0
651,2015,2,Chaco,27.46,5,288,11058,47551,17675,6337,788,149,0.0,55767.0,27809,179,52,41.0
652,2015,2,Chubut,36.58,3,656,6032,55791,168,0,0,0,0.0,43949.0,762,916,13055,4803.0
653,2015,2,Córdoba,55.87,5,156,72695,434717,54993,46415,1956,903,0.0,348130.0,255596,435,5199,386.0
654,2015,2,Corrientes,29.58,5,34,12542,48015,17184,5039,379,126,0.0,55238.0,26553,157,1321,47.0
655,2015,2,Entre Ríos,42.93,5,2864,21986,104043,32293,7867,354,136,0.0,113378.0,49767,119,6031,197.0
656,2015,2,Formosa,18.36,4,1881,6907,14247,2436,1324,257,1,0.0,21097.0,5164,2,737,50.0
657,2015,2,Jujuy,20.29,3,2479,9474,20248,4792,730,0,0,0.0,32183.0,5482,22,0,35.0
658,2015,2,La Pampa,56.71,3,5737,8182,46235,27,24,25,10,0.0,12756.0,40825,3719,6190,562.0
659,2015,2,La Rioja,16.88,4,10,4082,9093,2680,641,0,3,0.0,16463.0,0,16,2,28.0
660,2015,2,Mendoza,32.49,4,268,26,170451,42,16,5,13,0.0,153301.0,13030,2572,38,1882.0
661,2015,2,Misiones,27.35,5,958,10360,51671,15022,10072,408,33,0.0,59179.0,29283,37,5,15.0
662,2015,2,Neuquén,53.12,4,1755,2348,82727,214,5168,2,110,0.0,47078.0,34183,1044,12781,2799.0
663,2015,2,Río Negro,45.98,4,3413,4525,87362,97,3240,1,51,0.0,66738.0,26268,916,3457,1348.0
664,2015,2,Salta,30.46,4,1123,13020,64737,16241,3114,29,5,0.0,77214.0,20297,47,129,580.0
665,2015,2,San Juan,27.64,3,8,410,51568,0,0,0,2,0.0,48670.0,451,770,1189,908.0
666,2015,2,San Luis,9.71,4,9,4,13204,0,0,1,2,0.0,11432.0,1025,354,33,377.0
667,2015,2,Santa Cruz,27.07,3,210,25,25519,2,0,0,0,0.0,15343.0,2707,396,4917,2400.0
668,2015,2,Santa Fe,51.18,4,6827,86016,364441,53205,33894,1856,1014,0.0,333117.0,204685,2877,4320,1389.0
669,2015,2,Santiago Del Estero,17.11,4,703,8779,23456,5553,888,0,0,0.0,33873.0,4365,19,1091,30.0
670,2015,2,Tierra Del Fuego,74.51,3,15,285,36073,2,0,0,0,0.0,22636.0,7927,665,1,2350.0
671,2015,2,Tucumán,35.69,4,107,25178,83462,26966,4502,455,0,0.0,139944.0,479,116,88,50.0
672,2015,1,Buenos Aires,56.37,4,8882,123589,2267852,220070,126958,1561,5700,0.0,1583135.0,1096836,134177,18754,28940.0
673,2015,1,Capital Federal,114.9,5,2545,59084,1013510,134151,114569,1195,8401,0.0,454934.0,841743,19334,1994,14716.0
674,2015,1,Catamarca,25.11,3,13,7634,13754,3202,517,9,1,0.0,25033.0,241,16,1,41.0
675,2015,1,Chaco,26.65,5,26,12053,47425,15883,5346,489,135,0.0,54952.0,26161,164,27,56.0
676,2015,1,Chubut,37.61,3,651,6176,57333,102,0,0,0,0.0,45645.0,717,906,12540,5465.0
677,2015,1,Córdoba,54.7,4,157,78427,432802,46574,37443,1615,815,0.0,343883.0,247564,415,4645,450.0
678,2015,1,Corrientes,28.95,5,36,13295,47842,15554,4424,235,98,0.0,54649.0,25372,129,1319,62.0
679,2015,1,Entre Ríos,42.07,4,2867,23951,104168,28113,6926,274,119,0.0,112363.0,47411,108,5943,245.0
680,2015,1,Formosa,18.12,3,1891,7336,14413,2024,878,157,1,0.0,21022.0,4951,1,670,56.0
681,2015,1,Jujuy,19.69,3,2458,9754,19858,3939,603,0,0,0.0,31505.0,5048,22,0,36.0
682,2015,1,La Pampa,55.51,3,6059,8054,45038,26,10,13,10,0.0,13143.0,39571,3215,6164,604.0
683,2015,1,La Rioja,16.7,4,11,4201,9379,2207,533,0,3,0.0,16282.0,0,16,2,33.0
684,2015,1,Mendoza,32.37,4,287,24,169763,38,16,6,11,0.0,152433.0,13030,2542,29,2126.0
685,2015,1,Misiones,26.31,5,958,11136,51906,12387,8543,194,26,0.0,58262.0,26836,30,5,13.0
686,2015,1,Neuquén,51.95,4,1895,2577,80787,170,4067,2,76,0.0,47518.0,32152,1024,12088,2960.0
687,2015,1,Río Negro,45.33,4,3371,4913,86173,94,2632,2,42,0.0,66274.0,25217,907,3473,1462.0
688,2015,1,Salta,30.01,4,1123,14151,64992,13955,2569,15,5,0.0,76280.0,19781,47,129,574.0
689,2015,1,San Juan,27.55,3,8,445,51346,0,0,0,2,0.0,48441.0,451,755,1165,1007.0
690,2015,1,San Luis,9.72,4,10,8,12720,0,1,0,2,0.0,11414.0,1025,351,30,412.0
691,2015,1,Santa Cruz,27.99,3,205,27,26048,2,0,0,0,0.0,16215.0,2700,392,4772,2562.0
692,2015,1,Santa Fe,50.24,4,6883,93096,360964,45270,27597,1542,900,0.0,328809.0,199037,2845,4239,1507.0
693,2015,1,Santiago Del Estero,17.06,4,701,9236,23136,4796,748,0,0,0.0,33813.0,4365,19,1020,35.0
694,2015,1,Tierra Del Fuego,74.23,3,14,609,36319,2,0,0,0,0.0,22291.0,7924,657,1,2583.0
695,2015,1,Tucumán,35.08,4,107,27143,83895,23061,3722,334,0,0.0,137857.0,115,116,88,100.0
696,2014,4,Buenos Aires,56.09,4,8226,132937,2250445,203620,104322,997,5406,0.0,1575978.0,1070135,120528,17728,32038.0
697,2014,4,Capital Federal,114.9,5,2698,62896,1038269,123451,95772,890,7997,0.0,455785.0,840224,17155,1962,15394.0
698,2014,4,Catamarca,25.51,3,21,8047,14093,2910,421,0,1,0.0,25192.0,241,16,0,44.0
699,2014,4,Chaco,21.87,4,483,12837,42106,7908,2600,124,2,0.0,55024.0,10918,31,0,62.0
700,2014,4,Chubut,40.25,3,1858,6218,60392,70,0,0,0,0.0,48539.0,697,891,12256,6159.0
701,2014,4,Córdoba,54.7,4,1903,85362,427844,41947,30858,1177,782,0.0,345157.0,240452,419,3918,486.0
702,2014,4,Corrientes,23.56,4,40,13860,42182,7513,2106,0,9,0.0,54754.0,9526,40,1315,75.0
703,2014,4,Entre Ríos,36.03,4,2311,27801,88649,18318,3584,1,66,0.0,112291.0,23027,57,5178,260.0
704,2014,4,Formosa,17.96,3,1947,7830,14058,1852,473,47,1,0.0,21245.0,4896,1,0,65.0
705,2014,4,Jujuy,19.6,3,1880,10427,19740,3443,465,0,0,0.0,31349.0,4583,22,37,11.0
706,2014,4,La Pampa,51.27,3,6266,6879,36520,26,5,4,10,0.0,16043.0,34281,514,5894,648.0
707,2014,4,La Rioja,17.01,4,9,4333,9728,1943,386,0,3,0.0,16352.0,0,17,0,33.0
708,2014,4,Mendoza,32.64,4,303,19,169222,36,14,5,12,0.0,151797.0,13030,2534,31,2222.0
709,2014,4,Misiones,24.16,4,547,11840,53093,8731,2952,54,12,0.0,58435.0,18613,16,150,15.0
710,2014,4,Neuquén,52.55,4,1731,2744,80938,126,3621,2,66,0.0,47721.0,31778,1014,11853,3030.0
711,2014,4,Río Negro,45.48,4,3640,4723,85094,94,2319,4,30,0.0,66307.0,23703,901,3819,1530.0
712,2014,4,Salta,29.53,4,54,16214,63221,12552,1922,0,4,0.0,76026.0,17289,48,6,578.0
713,2014,4,San Juan,28.04,3,11,478,51628,0,0,0,2,0.0,48653.0,451,740,1202,1073.0
714,2014,4,San Luis,9.79,4,9,0,13135,0,0,1,2,0.0,11419.0,926,355,24,423.0
715,2014,4,Santa Cruz,27.8,3,156,1400,24145,1,1,0,0,0.0,17553.0,448,388,4395,2929.0
716,2014,4,Santa Fe,50.0,4,8707,99962,359293,36718,21098,869,824,0.0,335267.0,183009,3205,6282,1634.0
717,2014,4,Santiago Del Estero,17.27,3,1246,8913,24181,4359,602,0,0,0.0,34110.0,4231,19,920,37.0
718,2014,4,Tierra Del Fuego,66.14,3,12,283,31489,2,0,0,0,0.0,21948.0,3664,655,1,2722.0
719,2014,4,Tucumán,35.32,4,17,28746,85091,20631,2733,196,0,0.0,137093.0,97,116,13,105.0
720,2014,3,Buenos Aires,56.75,4,7355,128187,2281524,156693,68947,243,4232,0.0,1562533.0,1110628,124474,20049,31881.0
721,2014,3,Capital Federal,113.8,4,840,78016,1060145,102170,70907,95,6626,0.0,450155.0,833402,17886,1995,14387.0
722,2014,3,Catamarca,24.71,3,19,8845,13790,1915,111,0,0,0.0,24380.0,244,15,0,47.0
723,2014,3,Chaco,21.11,3,398,14731,41934,5428,1274,5,0,0.0,53321.0,10336,29,1,59.0
724,2014,3,Chubut,40.6,3,2013,6281,60771,34,0,0,0,0.0,49219.0,668,882,11853,6515.0
725,2014,3,Córdoba,54.23,4,660,98992,435692,28992,18888,84,664,0.0,340212.0,240334,444,4064,377.0
726,2014,3,Corrientes,22.79,3,21,15448,41717,5181,1172,0,0,0.0,52957.0,9184,31,1312,65.0
727,2014,3,Entre Ríos,34.98,3,1709,29710,91450,12569,1310,0,48,0.0,108907.0,22440,48,5203,135.0
728,2014,3,Formosa,17.77,3,2001,8323,14202,1324,85,0,0,0.0,21021.0,4836,0,0,80.0
729,2014,3,Jujuy,18.37,3,127,10979,20216,2305,82,0,0,0.0,30128.0,3541,22,37,13.0
730,2014,3,La Pampa,55.78,3,6458,6645,41009,24,5,4,10,0.0,16051.0,33940,538,11219,677.0
731,2014,3,La Rioja,16.51,3,10,4785,9720,1337,61,0,0,0.0,15864.0,0,14,1,37.0
732,2014,3,Mendoza,32.31,4,35,0,167763,31,12,13,1,0.0,150120.0,13030,2512,40,2222.0
733,2014,3,Misiones,23.57,4,640,13637,53510,5928,1606,0,1,0.0,56933.0,18373,4,3,14.0
734,2014,3,Neuquén,56.4,4,1522,3099,80090,107,2865,10,27,0.0,54458.0,30964,1000,12858,3087.0
735,2014,3,Río Negro,46.2,3,3640,5189,86868,87,1944,8,9,0.0,65264.0,26590,888,3533,1505.0
736,2014,3,Salta,29.22,3,732,17481,66026,8314,388,0,0,0.0,73828.0,18394,43,109,580.0
737,2014,3,San Juan,27.85,3,8,487,51276,0,0,0,0,0.0,48272.0,451,731,1199,1126.0
738,2014,3,San Luis,9.71,4,8,0,13029,0,0,3,0,0.0,11303.0,925,355,25,438.0
739,2014,3,Santa Cruz,28.23,3,195,1624,24248,1,1,0,0,0.0,17862.0,492,385,4273,3098.0
740,2014,3,Santa Fe,49.2,3,8230,112593,357615,23962,12124,38,806,0.0,325577.0,183630,4407,6540,733.0
741,2014,3,Santiago Del Estero,16.49,3,791,9914,23826,2867,142,0,0,0.0,32820.0,3900,19,768,41.0
742,2014,3,Tierra Del Fuego,65.69,3,12,336,32348,2,0,0,0,0.0,21840.0,3469,650,1,2832.0
743,2014,3,Tucumán,33.94,3,6,32716,84668,14101,559,4,0,0.0,131739.0,97,117,13,100.0
744,2014,2,Buenos Aires,55.06,4,6902,162274,2288772,140226,56549,284,4309,0.0,1568881.0,1025490,120008,17020,33147.0
745,2014,2,Capital Federal,113.14,4,847,81431,1078213,87359,56004,59,6427,0.0,447637.0,828411,17729,1883,14555.0
746,2014,2,Catamarca,24.7,3,19,8844,13794,1915,111,0,0,0.0,24380.0,243,17,0,43.0
747,2014,2,Chaco,20.96,3,412,14854,41530,5418,1085,5,0,0.0,53321.0,9870,30,0,58.0
748,2014,2,Chubut,41.41,3,2064,6582,61868,0,0,0,0,0.0,51070.0,649,866,10960,6974.0
749,2014,2,Córdoba,53.45,4,2105,101598,429536,28698,14824,76,627,0.0,337825.0,234729,351,3673,374.0
750,2014,2,Corrientes,22.58,3,20,15563,41219,5199,956,0,0,0.0,52883.0,8680,31,1309,55.0
751,2014,2,Entre Ríos,34.69,3,2187,32781,86757,12564,1162,0,44,0.0,108900.0,21706,49,4795,133.0
752,2014,2,Formosa,17.54,3,2032,8218,13944,1321,85,0,0,0.0,20894.0,4628,0,0,78.0
753,2014,2,Jujuy,18.71,3,1873,11233,18851,2305,82,0,0,0.0,30128.0,4161,23,40,9.0
754,2014,2,La Pampa,49.71,3,7032,6761,34089,18,5,4,10,0.0,15957.0,32600,513,5869,689.0
755,2014,2,La Rioja,16.5,3,10,4785,9719,1337,61,0,0,0.0,15864.0,0,14,0,34.0
756,2014,2,Mendoza,32.1,4,35,6,166710,31,10,5,10,0.0,148979.0,13030,2480,36,2282.0
757,2014,2,Misiones,23.37,4,540,13644,53245,5924,1334,2,0,0.0,56933.0,17594,4,150,8.0
758,2014,2,Neuquén,50.84,4,1531,3206,79087,92,2289,2,30,0.0,47767.0,29776,997,10765,2983.0
759,2014,2,Río Negro,45.33,3,3468,5507,84978,78,1569,2,8,0.0,64920.0,24944,876,3657,1560.0
760,2014,2,Salta,28.91,3,53,18818,64440,8293,388,0,0,0.0,73841.0,17504,45,7,577.0
761,2014,2,San Juan,27.78,3,10,507,51129,0,0,0,0,0.0,48161.0,451,722,1139,1173.0
762,2014,2,San Luis,9.72,4,7,0,13045,0,0,1,2,0.0,11306.0,925,354,22,448.0
763,2014,2,Santa Cruz,29.38,3,153,1637,25374,2,0,0,0,0.0,18956.0,448,381,4118,3266.0
764,2014,2,Santa Fe,48.39,3,8515,115197,353559,23939,10058,34,792,0.0,324101.0,178495,3085,6041,636.0
765,2014,2,Santiago Del Estero,16.7,3,1231,9914,23842,2867,142,0,0,0.0,32820.0,4231,19,907,34.0
766,2014,2,Tierra Del Fuego,64.36,3,12,334,31198,2,0,0,0,0.0,21618.0,3008,648,1,2934.0
767,2014,2,Tucumán,33.94,3,6,32714,84675,14101,559,4,0,0.0,131740.0,97,121,13,98.0
768,2014,1,Buenos Aires,54.57,4,8469,171244,2279875,121787,38923,206,4037,0.0,1567685.0,1000879,120960,16528,33824.0
769,2014,1,Capital Federal,112.25,4,852,88826,1096050,70293,38798,55,6208,0.0,445569.0,820161,17767,1866,14555.0
770,2014,1,Catamarca,24.25,3,19,9147,13330,1672,64,0,0,0.0,24126.0,46,17,0,43.0
771,2014,1,Chaco,20.72,3,438,15849,40869,4644,741,5,0,0.0,52971.0,9497,30,0,58.0
772,2014,1,Chubut,41.24,3,7452,10,61329,0,0,0,0,0.0,51066.0,539,866,10776,6974.0
773,2014,1,Córdoba,52.52,3,2076,107705,423114,24112,9818,40,588,0.0,336841.0,225769,347,3585,368.0
774,2014,1,Corrientes,22.32,3,20,16357,40742,4486,630,0,0,0.0,52565.0,8279,31,1306,55.0
775,2014,1,Entre Ríos,34.37,3,2177,35206,85248,10828,746,0,43,0.0,107883.0,21379,49,4887,133.0
776,2014,1,Formosa,17.42,3,2062,8475,13685,1133,67,0,0,0.0,20774.0,4548,0,0,100.0
777,2014,1,Jujuy,18.42,3,1832,11498,18415,2002,56,0,0,0.0,29765.0,4030,23,0,9.0
778,2014,1,La Pampa,48.43,3,7434,6535,32501,17,5,4,10,0.0,15826.0,31305,513,5848,701.0
779,2014,1,La Rioja,16.29,3,10,5111,9390,1165,35,0,0,0.0,15663.0,0,14,0,34.0
780,2014,1,Mendoza,31.91,4,35,6,166655,19,10,6,9,0.0,148970.0,12076,2480,37,2282.0
781,2014,1,Misiones,23.14,3,545,14460,52852,5139,958,0,0,0.0,56597.0,17191,4,150,8.0
782,2014,1,Neuquén,49.79,4,4133,987,77148,84,1582,2,22,0.0,47790.0,28161,997,10381,3051.0
783,2014,1,Río Negro,44.91,3,4670,4618,84304,73,1062,1,8,0.0,64886.0,24156,876,3576,1572.0
784,2014,1,Salta,28.7,3,53,19677,64061,7192,314,0,0,0.0,73131.0,17538,45,8,568.0
785,2014,1,San Juan,27.6,3,531,2,51056,0,0,0,0,0.0,48161.0,434,722,808,1173.0
786,2014,1,San Luis,9.35,4,7,3,12544,0,1,0,2,0.0,11306.0,428,354,21,448.0
787,2014,1,Santa Cruz,28.94,3,161,1625,24972,1,1,0,0,0.0,18927.0,100,381,4092,3264.0
788,2014,1,Santa Fe,47.85,3,8456,124468,345225,20328,6845,23,668,0.0,322662.0,174296,3059,5951,644.0
789,2014,1,Santiago Del Estero,16.31,3,1234,10531,22817,2422,109,0,0,0.0,32567.0,3598,19,915,34.0
790,2014,1,Tierra Del Fuego,63.97,3,12,607,30902,6,0,0,0,0.0,21618.0,2837,648,1,2934.0
791,2014,1,Tucumán,33.42,3,6,34672,83210,11779,362,3,0,0.0,129717.0,83,121,13,98.0
